almacen,sku,best_model,best_model_params,lags,best_mae,xgboost,rf,prophet,poisson,aditivo_modificado,aditivo_baseline
4 CAMINOS,T23C2139CH,xgboost,"{'max_depth': 5, 'n_estimators': 150}",4,0.0,0.0,0.0,0.040331603775158535,0.0,0.0,0.0
4 CAMINOS,T23C2139EG,xgboost,"{'max_depth': 10, 'n_estimators': 150}",4,0.0,0.0,0.0,0.3211591428044087,0.0,0.0,0.0
4 CAMINOS,T23C2139GD,xgboost,"{'max_depth': 3, 'n_estimators': 50}",4,0.0,0.0,0.0,0.433675928442264,0.0,0.0,1.0
4 CAMINOS,T23C2139MD,xgboost,"{'max_depth': 3, 'n_estimators': 50}",4,0.3333333333333333,0.3333333333333333,0.3333333333333333,0.3717943802670345,0.3333333333333333,0.6666666666666666,0.6666666666666666
4 CAMINOS,T6C01007CH,xgboost,"{'max_depth': 3, 'n_estimators': 50}",4,0.0,0.0,0.0,0.3464445254128286,0.0,0.0,0.0
4 CAMINOS,T6C01007EG,xgboost,"{'max_depth': 3, 'n_estimators': 50}",4,0.0,0.0,0.0,0.6530529517826648,0.0,0.0,0.0
4 CAMINOS,T6C01007GD,xgboost,"{'max_depth': 3, 'n_estimators': 50}",4,0.0,0.0,0.0,0.5685195988364277,0.0,0.0,0.0
4 CAMINOS,T6C01007MD,xgboost,"{'max_depth': 3, 'n_estimators': 50}",4,0.0,0.0,0.0,0.3433177863774866,0.0,0.0,0.0
4 CAMINOS,TA4D3027MD,prophet,"{'seasonality_mode': 'additive', 'changepoint_prior_scale': 1.0}",4,0.5297756335131384,4.666666666666667,4.0,0.5297756335131384,2.0,0.6666666666666666,1.3333333333333333
4 CAMINOS,TBAD3009MD,aditivo_modificado,{'num_weeks': 4},4,0.0,2.0,2.0,1.2819524779240699,2.0,0.0,0.0
APIZACO,T23C2139CH,poisson,"{'alpha': 10.0, 'max_iter': 250}",4,0.6666666666666666,1.6666666666666667,1.0,0.6697618701975755,0.6666666666666666,1.0,1.0
APIZACO,T23C2139EG,xgboost,"{'max_depth': 3, 'n_estimators': 50}",4,0.0,0.0,0.0,0.15871308343453489,0.0,0.0,0.0
APIZACO,T23C2139GD,xgboost,"{'max_depth': 10, 'n_estimators': 150}",4,0.0,0.0,0.0,0.022364475948733503,0.0,0.0,0.0
APIZACO,T23C2139MD,rf,"{'max_depth': 3, 'n_estimators': 50}",5,0.0,0.3333333333333333,0.0,0.470382902466046,0.3333333333333333,0.6666666666666666,0.6666666666666666
APIZACO,T23P5C01MD,aditivo_modificado,{'num_weeks': 5},4,0.3333333333333333,1.0,1.0,0.7282570883395062,1.3333333333333333,0.3333333333333333,0.3333333333333333
APIZACO,T6C01007EG,xgboost,"{'max_depth': 5, 'n_estimators': 150}",4,0.0,0.0,0.0,0.13378496712496588,0.0,0.0,0.0
APIZACO,T6C01007GD,xgboost,"{'max_depth': 5, 'n_estimators': 150}",4,0.0,0.0,0.0,0.06155022084784853,0.0,0.0,0.0
APIZACO,T6C01007MD,xgboost,"{'max_depth': 10, 'n_estimators': 150}",4,0.0,0.0,0.0,0.05766516334164371,0.0,0.0,0.0
APIZACO,TBAD3008MD,xgboost,"{'max_depth': 3, 'n_estimators': 150}",4,0.0,0.0,0.0,0.8494695682074602,2.0,0.0,0.0
APIZACO,TBAD3009GD,aditivo_modificado,{'num_weeks': 4},4,0.0,4.0,2.0,0.6921104824580357,2.0,0.0,0.0
ARAGON,T23C2139CH,xgboost,"{'max_depth': 7, 'n_estimators': 150}",4,0.0,0.0,0.0,0.059197745239645355,0.0,0.0,0.0
ARAGON,T23C2139EG,xgboost,"{'max_depth': 5, 'n_estimators': 150}",4,0.0,0.0,0.0,0.20083883277545003,0.0,0.0,1.0
ARAGON,T23C2139GD,xgboost,"{'max_depth': 10, 'n_estimators': 100}",4,0.0,0.0,0.0,0.18191258294785392,0.0,0.0,1.0
ARAGON,T23C2139MD,xgboost,"{'max_depth': 10, 'n_estimators': 50}",4,0.0,0.0,0.0,0.03361829970298542,0.0,0.0,0.0
ARAGON,T29C1874MD,xgboost,"{'max_depth': 5, 'n_estimators': 50}",4,0.0,0.0,0.0,0.5538364382699613,0.0,0.0,0.0
ARAGON,T30C2308MD,xgboost,"{'max_depth': 5, 'n_estimators': 150}",4,0.0,0.0,0.0,0.3937926097701337,0.0,0.0,0.0
ARAGON,T6C01007EG,xgboost,"{'max_depth': 5, 'n_estimators': 150}",4,0.0,0.0,0.0,0.14950779300847442,0.0,0.0,0.0
ARAGON,T6C01007GD,xgboost,"{'max_depth': 5, 'n_estimators': 50}",4,0.0,0.0,0.0,0.2399407606075087,0.0,0.0,0.0
ARAGON,T6C01007MD,xgboost,"{'max_depth': 7, 'n_estimators': 100}",4,0.0,0.0,0.0,0.20788095716557065,0.0,0.0,0.0
ARAGON,TBAD3008GD,xgboost,"{'max_depth': 3, 'n_estimators': 150}",4,0.0,0.0,0.0,0.2492606291641056,1.0,0.0,0.0
ARCO NORTE,T23C2139CH,xgboost,"{'max_depth': 10, 'n_estimators': 150}",4,0.0,0.0,0.0,0.03253470740128423,0.0,0.0,0.0
ARCO NORTE,T23C2139EG,xgboost,"{'max_depth': 5, 'n_estimators': 150}",4,0.3333333333333333,0.3333333333333333,0.3333333333333333,0.4046898147933668,0.3333333333333333,0.6666666666666666,0.6666666666666666
ARCO NORTE,T23C2139GD,xgboost,"{'max_depth': 10, 'n_estimators': 50}",4,0.0,0.0,0.0,0.4352680175336961,0.0,0.0,0.0
ARCO NORTE,T23C2139MD,prophet,"{'seasonality_mode': 'multiplicative', 'changepoint_prior_scale': 0.5}",7,0.3306649744471633,0.3333333333333333,0.3333333333333333,0.3306649744471633,0.3333333333333333,0.6666666666666666,0.6666666666666666
ARCO NORTE,T29C1874GD,xgboost,"{'max_depth': 3, 'n_estimators': 50}",4,0.0,0.0,0.0,0.044761164726861535,0.0,0.0,0.0
ARCO NORTE,T29C1874MD,xgboost,"{'max_depth': 5, 'n_estimators': 150}",4,0.3333333333333333,0.3333333333333333,0.3333333333333333,0.34847187174735317,0.3333333333333333,0.6666666666666666,0.6666666666666666
ARCO NORTE,T6C01007EG,xgboost,"{'max_depth': 7, 'n_estimators': 100}",4,0.0,0.0,0.0,0.0004159688395474096,0.0,0.0,0.0
ARCO NORTE,T6C01007GD,xgboost,"{'max_depth': 7, 'n_estimators': 150}",4,0.0,0.0,0.0,0.006716631884574578,0.0,0.0,0.0
ARCO NORTE,T6C01007MD,xgboost,"{'max_depth': 3, 'n_estimators': 150}",4,0.0,0.0,0.0,0.021453001034528473,0.0,0.0,0.0
ARCO NORTE,TBAD3008GD,aditivo_modificado,{'num_weeks': 4},4,0.0,1.0,1.0,0.5580403262179601,1.0,0.0,0.0
ATLACOMULCO,T23C2139CH,xgboost,"{'max_depth': 5, 'n_estimators': 150}",4,0.0,0.0,0.0,0.04883559957231296,0.0,0.0,0.0
ATLACOMULCO,T23C2139EG,xgboost,"{'max_depth': 5, 'n_estimators': 150}",4,0.0,0.0,0.0,0.02545667727852968,0.0,0.0,0.0
ATLACOMULCO,T23C2139GD,xgboost,"{'max_depth': 5, 'n_estimators': 150}",4,0.0,0.0,0.0,0.0036434738977704282,0.0,0.0,0.0
ATLACOMULCO,T23C2139MD,xgboost,"{'max_depth': 5, 'n_estimators': 150}",4,0.0,0.0,0.0,0.2973392803797066,0.0,1.0,1.0
ATLACOMULCO,T29C1874MD,xgboost,"{'max_depth': 7, 'n_estimators': 150}",4,0.0,0.0,0.0,0.2620312378483797,0.0,0.0,1.0
ATLACOMULCO,T6C01007CH,xgboost,"{'max_depth': 5, 'n_estimators': 150}",4,0.0,0.0,0.0,0.013679790413182185,0.0,0.0,0.0
ATLACOMULCO,T6C01007EG,xgboost,"{'max_depth': 7, 'n_estimators': 150}",4,0.0,0.0,0.0,0.08862710227362547,0.0,0.0,0.0
ATLACOMULCO,T6C01007GD,xgboost,"{'max_depth': 7, 'n_estimators': 50}",4,0.0,0.0,0.0,0.10136168520911533,0.0,0.0,0.0
ATLACOMULCO,T6C01007MD,xgboost,"{'max_depth': 3, 'n_estimators': 50}",4,0.0,0.0,0.0,0.0775380542242139,0.0,0.0,0.0
ATLACOMULCO,TBAD3009MD,xgboost,"{'max_depth': 5, 'n_estimators': 100}",4,0.0,0.0,0.0,0.20324948886378214,0.0,0.0,0.0
CAMINERO INSURGENTES,T23C2139CH,xgboost,"{'max_depth': 5, 'n_estimators': 100}",4,0.0,0.0,0.0,0.34163146213578277,0.0,0.0,0.0
CAMINERO INSURGENTES,T23C2139EG,rf,"{'max_depth': 3, 'n_estimators': 50}",4,0.3333333333333333,0.6666666666666666,0.3333333333333333,0.567457422637617,0.3333333333333333,0.6666666666666666,0.6666666666666666
CAMINERO INSURGENTES,T23C2139GD,aditivo_modificado,{'num_weeks': 4},4,0.3333333333333333,0.6666666666666666,0.6666666666666666,0.40741789021404157,0.6666666666666666,0.3333333333333333,0.3333333333333333
CAMINERO INSURGENTES,T23C2139MD,aditivo_modificado,{'num_weeks': 4},4,0.3333333333333333,0.6666666666666666,0.6666666666666666,0.4680258452387227,0.6666666666666666,0.3333333333333333,0.3333333333333333
CAMINERO INSURGENTES,T6C01007EG,xgboost,"{'max_depth': 5, 'n_estimators': 150}",4,0.0,0.0,0.0,0.03507709662890605,0.0,0.0,0.0
CAMINERO INSURGENTES,T6C01007GD,xgboost,"{'max_depth': 7, 'n_estimators': 50}",4,0.0,0.0,0.0,0.09320807605890642,0.0,0.0,0.0
CAMINERO INSURGENTES,T6C01007MD,xgboost,"{'max_depth': 5, 'n_estimators': 50}",4,0.0,0.0,0.0,0.06623425578839588,0.0,0.0,0.0
CAMINERO INSURGENTES,TBAD3008MD,aditivo_modificado,{'num_weeks': 4},4,0.0,1.0,1.0,0.25857301777954556,2.0,0.0,0.0
CAMINERO INSURGENTES,TBAD3009EG,aditivo_modificado,{'num_weeks': 4},4,0.0,2.0,1.0,1.109654623630271,1.0,0.0,0.0
CAMINERO INSURGENTES,TBAD3009GD,aditivo_modificado,{'num_weeks': 4},4,0.0,4.0,3.0,0.619815478814067,1.0,0.0,0.0
CAMPECHE,T23C2139CH,xgboost,"{'max_depth': 7, 'n_estimators': 50}",4,0.0,0.0,0.0,0.02124852646647514,0.0,0.0,0.0
CAMPECHE,T23C2139EG,xgboost,"{'max_depth': 3, 'n_estimators': 50}",4,0.0,0.0,0.0,0.04919156592849544,0.0,0.0,0.0
CAMPECHE,T23C2139GD,prophet,"{'seasonality_mode': 'additive', 'changepoint_prior_scale': 0.01}",4,0.30884513849995743,0.3333333333333333,0.3333333333333333,0.30884513849995743,0.3333333333333333,0.6666666666666666,0.6666666666666666
CAMPECHE,T23C2139MD,xgboost,"{'max_depth': 10, 'n_estimators': 50}",4,0.0,0.0,0.0,0.03851875442707174,0.0,0.0,0.0
CAMPECHE,T29C1874GD,xgboost,"{'max_depth': 3, 'n_estimators': 50}",4,0.0,0.0,0.0,0.020199181517436788,0.0,0.0,0.0
CAMPECHE,T29C1874MD,xgboost,"{'max_depth': 5, 'n_estimators': 150}",4,0.0,0.0,0.3333333333333333,0.5365364717092267,0.0,0.0,1.0
CAMPECHE,T6C01007CH,xgboost,"{'max_depth': 7, 'n_estimators': 150}",4,0.0,0.0,0.0,0.04453470716112814,0.0,0.0,0.0
CAMPECHE,T6C01007EG,xgboost,"{'max_depth': 3, 'n_estimators': 50}",4,0.0,0.0,0.0,0.08958310238962312,0.0,0.0,0.0
CAMPECHE,T6C01007GD,xgboost,"{'max_depth': 5, 'n_estimators': 50}",4,0.0,0.0,0.0,0.08406832348403093,0.0,0.0,0.0
CAMPECHE,T6C01007MD,xgboost,"{'max_depth': 7, 'n_estimators': 50}",4,0.0,0.0,0.0,0.05531870564853481,0.0,0.0,0.0
CANCUN,T23C2139CH,xgboost,"{'max_depth': 10, 'n_estimators': 50}",4,0.0,0.0,0.0,0.18156993288756662,0.0,0.0,0.0
CANCUN,T23C2139GD,xgboost,"{'max_depth': 5, 'n_estimators': 150}",4,0.0,0.0,0.0,0.0015101177030782478,0.0,0.0,0.0
CANCUN,T23C2139MD,aditivo_modificado,{'num_weeks': 4},4,0.3333333333333333,0.6666666666666666,0.6666666666666666,0.49526022898471744,0.6666666666666666,0.3333333333333333,0.3333333333333333
CANCUN,T23P5C01MD,aditivo_modificado,{'num_weeks': 4},4,0.3333333333333333,0.6666666666666666,0.6666666666666666,0.5143247150994111,0.6666666666666666,0.3333333333333333,0.3333333333333333
CANCUN,T30C1936GD,xgboost,"{'max_depth': 3, 'n_estimators': 50}",4,0.0,0.0,0.0,0.24983160362141973,0.0,0.0,0.0
CANCUN,T30C1936MD,xgboost,"{'max_depth': 3, 'n_estimators': 50}",4,0.0,0.0,0.0,0.44460118889750727,0.0,0.0,0.0
CANCUN,T6C01007CH,xgboost,"{'max_depth': 3, 'n_estimators': 50}",4,0.0,0.0,0.0,0.009453261746585699,0.0,0.0,0.0
CANCUN,T6C01007EG,xgboost,"{'max_depth': 10, 'n_estimators': 50}",4,0.0,0.0,0.0,0.09171528216772284,0.0,0.0,0.0
CANCUN,T6C01007GD,xgboost,"{'max_depth': 10, 'n_estimators': 50}",4,0.0,0.0,0.0,0.027386327633278595,0.0,0.0,0.0
CANCUN,T6C01007MD,xgboost,"{'max_depth': 3, 'n_estimators': 50}",4,0.0,0.0,0.0,0.03609433127321801,0.0,0.0,0.0
CANCUN 2,T23C2139CH,xgboost,"{'max_depth': 5, 'n_estimators': 150}",4,0.0,0.0,0.0,0.00047954978996137167,0.0,0.0,0.0
CANCUN 2,T23C2139GD,xgboost,"{'max_depth': 7, 'n_estimators': 50}",4,0.0,0.0,0.0,0.0076911655463818,0.0,1.0,1.0
CANCUN 2,T23C2139MD,xgboost,"{'max_depth': 3, 'n_estimators': 50}",4,0.0,0.0,0.0,0.0007557564945143664,0.0,0.0,0.0
CANCUN 2,T29C1874EG,xgboost,"{'max_depth': 5, 'n_estimators': 150}",4,0.3333333333333333,0.3333333333333333,0.3333333333333333,0.39492961383939074,0.3333333333333333,0.6666666666666666,0.6666666666666666
CANCUN 2,T29C1874MD,aditivo_modificado,{'num_weeks': 4},4,0.3333333333333333,0.6666666666666666,0.6666666666666666,0.6590908958975484,0.6666666666666666,0.3333333333333333,0.3333333333333333
CANCUN 2,T30C1936MD,xgboost,"{'max_depth': 7, 'n_estimators': 50}",4,0.0,0.0,0.0,0.012044624557772832,0.0,0.0,0.0
CANCUN 2,T6C01007CH,xgboost,"{'max_depth': 5, 'n_estimators': 150}",4,0.0,0.0,0.0,0.012921526395008561,0.0,0.0,0.0
CANCUN 2,T6C01007EG,xgboost,"{'max_depth': 3, 'n_estimators': 50}",4,0.0,0.0,0.0,0.052823727541671466,0.0,0.0,0.0
CANCUN 2,T6C01007GD,xgboost,"{'max_depth': 7, 'n_estimators': 100}",4,0.0,0.0,0.0,0.010267837197923957,0.0,0.0,0.0
CANCUN 2,T6C01007MD,xgboost,"{'max_depth': 10, 'n_estimators': 50}",4,0.0,0.0,0.0,0.3119325953275778,0.0,0.0,0.0
CARDENAS,T23C2139CH,xgboost,"{'max_depth': 10, 'n_estimators': 50}",4,0.0,0.0,0.0,0.05828804687609184,0.0,0.0,0.0
CARDENAS,T23C2139EG,xgboost,"{'max_depth': 5, 'n_estimators': 50}",4,0.0,0.0,0.0,0.15737116105024104,0.0,0.0,0.0
CARDENAS,T23C2139GD,xgboost,"{'max_depth': 7, 'n_estimators': 50}",4,0.0,0.0,0.0,0.012340889600693036,0.0,0.0,0.0
CARDENAS,T23C2139MD,xgboost,"{'max_depth': 7, 'n_estimators': 50}",4,0.0,0.0,0.0,0.31607517438578364,0.0,0.0,1.0
CARDENAS,T23P5C01MD,xgboost,"{'max_depth': 5, 'n_estimators': 50}",4,0.0,0.0,0.0,0.13862080220336628,0.0,0.0,0.0
CARDENAS,T29C1874MD,xgboost,"{'max_depth': 3, 'n_estimators': 50}",4,0.0,0.0,0.0,0.1715098283014369,0.0,0.0,0.0
CARDENAS,T30C2308GD,xgboost,"{'max_depth': 10, 'n_estimators': 100}",4,0.0,0.0,0.0,0.10220944114312114,0.0,0.0,0.0
CARDENAS,T6C01007CH,xgboost,"{'max_depth': 7, 'n_estimators': 150}",4,0.0,0.0,0.0,0.025568998408737015,0.0,0.0,0.0
CARDENAS,T6C01007EG,xgboost,"{'max_depth': 7, 'n_estimators': 150}",4,0.0,0.0,0.0,0.08642313859534252,0.0,0.0,0.0
CARDENAS,T6C01007GD,xgboost,"{'max_depth': 3, 'n_estimators': 50}",4,0.0,0.0,0.0,0.016893829464249915,0.0,0.0,0.0
CD. AZTECA,T23C2139CH,xgboost,"{'max_depth': 3, 'n_estimators': 50}",4,0.3333333333333333,0.3333333333333333,0.3333333333333333,0.33701591578430995,0.3333333333333333,0.6666666666666666,0.6666666666666666
CD. AZTECA,T23C2139EG,xgboost,"{'max_depth': 7, 'n_estimators': 50}",4,0.3333333333333333,0.3333333333333333,0.3333333333333333,0.4022107415112682,0.3333333333333333,0.6666666666666666,0.6666666666666666
CD. AZTECA,T23C2139GD,xgboost,"{'max_depth': 7, 'n_estimators': 50}",4,0.0,0.0,0.0,0.44560762134855597,0.0,1.0,1.0
CD. AZTECA,T23C2139MD,xgboost,"{'max_depth': 3, 'n_estimators': 50}",4,0.0,0.0,0.0,0.8217949611848403,0.0,1.0,1.0
CD. AZTECA,T29C1874MD,xgboost,"{'max_depth': 7, 'n_estimators': 100}",4,0.0,0.0,0.0,0.44051051090911275,0.0,0.0,1.0
CD. AZTECA,T30C2308MD,xgboost,"{'max_depth': 5, 'n_estimators': 50}",4,0.0,0.0,0.0,0.1264061520024864,0.0,0.0,0.0
CD. AZTECA,T6C01007EG,xgboost,"{'max_depth': 7, 'n_estimators': 50}",4,0.0,0.0,0.0,0.06750921226410854,0.0,0.0,0.0
CD. AZTECA,T6C01007GD,xgboost,"{'max_depth': 10, 'n_estimators': 100}",4,0.0,0.0,0.0,0.5199871889736184,0.0,0.0,0.0
CD. AZTECA,T6C01007MD,xgboost,"{'max_depth': 5, 'n_estimators': 50}",4,0.0,0.0,0.0,0.3632433311861485,0.0,0.0,0.0
CD. AZTECA,TBAD3009GD,xgboost,"{'max_depth': 10, 'n_estimators': 50}",4,0.0,0.0,0.0,0.34307871481990243,1.0,0.0,0.0
CHALCO,T23C2139CH,xgboost,"{'max_depth': 3, 'n_estimators': 100}",4,0.0,0.0,0.0,0.2427009518147741,0.0,0.0,0.0
CHALCO,T23C2139EG,xgboost,"{'max_depth': 5, 'n_estimators': 150}",4,0.0,0.0,0.0,0.2109419282428018,0.0,0.0,1.0
CHALCO,T23C2139GD,xgboost,"{'max_depth': 3, 'n_estimators': 50}",4,0.0,0.0,0.0,0.24038217758666267,0.0,1.0,1.0
CHALCO,T23C2139MD,aditivo_modificado,{'num_weeks': 4},4,0.6666666666666666,1.3333333333333333,1.0,0.8105998886100524,1.0,0.6666666666666666,0.6666666666666666
CHALCO,T29C1874GD,xgboost,"{'max_depth': 10, 'n_estimators': 150}",4,0.3333333333333333,0.3333333333333333,0.3333333333333333,0.35331949411184427,0.3333333333333333,0.6666666666666666,0.6666666666666666
CHALCO,T30C2308GD,xgboost,"{'max_depth': 3, 'n_estimators': 150}",4,0.0,0.0,0.0,0.18521648076747374,0.0,0.0,0.0
CHALCO,T6C01007CH,xgboost,"{'max_depth': 5, 'n_estimators': 150}",4,0.0,0.0,0.0,0.11698988462510272,0.0,0.0,0.0
CHALCO,T6C01007EG,xgboost,"{'max_depth': 7, 'n_estimators': 150}",4,0.0,0.0,0.0,0.12468536935269071,0.0,0.0,0.0
CHALCO,T6C01007GD,xgboost,"{'max_depth': 7, 'n_estimators': 100}",4,0.0,0.0,0.0,0.11963135590764745,0.0,0.0,0.0
CHALCO,T6C01007MD,xgboost,"{'max_depth': 10, 'n_estimators': 50}",4,0.0,0.0,0.0,0.45156064905632426,0.0,0.0,0.0
CHALCO 2,T23C2139CH,xgboost,"{'max_depth': 5, 'n_estimators': 150}",4,0.0,0.0,0.0,0.11649517101503958,0.0,0.0,1.0
CHALCO 2,T23C2139EG,prophet,"{'seasonality_mode': 'multiplicative', 'changepoint_prior_scale': 0.1}",5,0.24136100789012174,0.3333333333333333,0.3333333333333333,0.24136100789012174,0.3333333333333333,0.6666666666666666,0.6666666666666666
CHALCO 2,T23C2139GD,xgboost,"{'max_depth': 10, 'n_estimators': 50}",4,0.6666666666666666,0.6666666666666666,0.6666666666666666,0.9113446241969445,0.6666666666666666,1.0,1.0
CHALCO 2,T23C2139MD,aditivo_modificado,{'num_weeks': 4},4,0.3333333333333333,0.6666666666666666,0.6666666666666666,0.3339453449351922,0.6666666666666666,0.3333333333333333,0.3333333333333333
CHALCO 2,T29C1874MD,aditivo_modificado,{'num_weeks': 4},4,0.3333333333333333,0.6666666666666666,0.6666666666666666,0.5656468598375093,0.6666666666666666,0.3333333333333333,0.3333333333333333
CHALCO 2,T6C01007CH,xgboost,"{'max_depth': 5, 'n_estimators': 150}",4,0.0,0.0,0.0,0.14499620338364533,0.0,0.0,0.0
CHALCO 2,T6C01007EG,xgboost,"{'max_depth': 5, 'n_estimators': 150}",4,0.0,0.0,0.0,0.10616874967749308,0.0,0.0,0.0
CHALCO 2,T6C01007GD,xgboost,"{'max_depth': 5, 'n_estimators': 50}",4,0.0,0.0,0.0,0.017738742415639604,0.0,0.0,0.0
CHALCO 2,T6C01007MD,xgboost,"{'max_depth': 10, 'n_estimators': 50}",4,0.0,0.0,0.0,0.23584612534931962,0.0,0.0,0.0
CHALCO 2,TBAD3008GD,xgboost,"{'max_depth': 5, 'n_estimators': 100}",4,0.0,0.0,0.0,0.4698630511692321,1.0,0.0,0.0
CHETUMAL,T23C2139CH,xgboost,"{'max_depth': 5, 'n_estimators': 150}",4,0.0,0.0,0.0,0.1342632026047287,0.0,0.0,0.0
CHETUMAL,T23C2139GD,xgboost,"{'max_depth': 7, 'n_estimators': 50}",4,0.0,0.0,0.0,0.4396104842774154,0.0,1.0,1.0
CHETUMAL,T23C2139MD,aditivo_modificado,{'num_weeks': 4},4,0.6666666666666666,1.0,1.0,0.7831905645336431,1.0,0.6666666666666666,0.6666666666666666
CHETUMAL,T29C1874MD,aditivo_modificado,{'num_weeks': 4},4,0.6666666666666666,1.3333333333333333,1.3333333333333333,0.8173559333209489,1.0,0.6666666666666666,0.6666666666666666
CHETUMAL,T30C1936MD,xgboost,"{'max_depth': 10, 'n_estimators': 50}",4,0.0,0.0,0.0,0.14303406968562707,0.0,0.0,0.0
CHETUMAL,T30C2308CH,xgboost,"{'max_depth': 3, 'n_estimators': 50}",4,0.0,0.0,0.0,0.19949101158619328,0.0,0.0,0.0
CHETUMAL,T6C01007CH,xgboost,"{'max_depth': 7, 'n_estimators': 150}",4,0.0,0.0,0.0,0.027240900853891376,0.0,0.0,0.0
CHETUMAL,T6C01007EG,xgboost,"{'max_depth': 3, 'n_estimators': 150}",4,0.0,0.0,0.0,0.023519851957617067,0.0,0.0,0.0
CHETUMAL,T6C01007GD,xgboost,"{'max_depth': 10, 'n_estimators': 50}",4,0.0,0.0,0.0,0.2757169987567711,0.0,0.0,0.0
CHETUMAL,T6C01007MD,xgboost,"{'max_depth': 7, 'n_estimators': 50}",4,0.0,0.0,0.0,0.026648739039833853,0.0,0.0,0.0
CHIMALHUACAN,T23C2139CH,xgboost,"{'max_depth': 10, 'n_estimators': 150}",4,0.0,0.0,0.0,0.009084687511239517,0.0,1.0,1.0
CHIMALHUACAN,T23C2139EG,xgboost,"{'max_depth': 5, 'n_estimators': 150}",4,0.0,0.0,0.0,0.028543272963904003,0.0,0.0,0.0
CHIMALHUACAN,T23C2139GD,xgboost,"{'max_depth': 10, 'n_estimators': 150}",4,0.0,0.0,0.0,0.20226773319574406,0.0,0.0,0.0
CHIMALHUACAN,T23C2139MD,xgboost,"{'max_depth': 3, 'n_estimators': 100}",4,0.0,0.0,0.0,0.147470788489557,0.0,0.0,0.0
CHIMALHUACAN,T23R1C10CH,xgboost,"{'max_depth': 7, 'n_estimators': 50}",4,0.3333333333333333,0.3333333333333333,0.3333333333333333,0.42056271702728903,0.3333333333333333,0.6666666666666666,0.6666666666666666
CHIMALHUACAN,T29C1874EG,xgboost,"{'max_depth': 3, 'n_estimators': 150}",4,0.3333333333333333,0.3333333333333333,0.3333333333333333,0.34531471207840503,0.3333333333333333,0.6666666666666666,0.6666666666666666
CHIMALHUACAN,T30C2308MD,xgboost,"{'max_depth': 3, 'n_estimators': 150}",4,0.0,0.0,0.0,0.10120616711778112,0.0,0.0,0.0
CHIMALHUACAN,T6C01007EG,xgboost,"{'max_depth': 5, 'n_estimators': 100}",4,0.0,0.0,0.0,0.03552843596986013,0.0,0.0,0.0
CHIMALHUACAN,T6C01007GD,xgboost,"{'max_depth': 5, 'n_estimators': 100}",4,0.0,0.0,0.0,0.005763245953387043,0.0,0.0,0.0
CHIMALHUACAN,T6C01007MD,xgboost,"{'max_depth': 10, 'n_estimators': 150}",4,0.0,0.0,0.0,0.10962817802764944,0.0,0.0,0.0
CIUDAD JARDIN,T23C2139CH,xgboost,"{'max_depth': 5, 'n_estimators': 150}",4,0.0,0.0,0.0,0.032397694816836346,0.0,0.0,0.0
CIUDAD JARDIN,T23C2139EG,xgboost,"{'max_depth': 7, 'n_estimators': 50}",4,0.0,0.0,0.0,0.5282414055328516,0.0,1.0,1.0
CIUDAD JARDIN,T23C2139GD,xgboost,"{'max_depth': 7, 'n_estimators': 50}",4,0.0,0.0,0.0,0.5949606327609097,0.0,0.0,1.0
CIUDAD JARDIN,T23C2139MD,xgboost,"{'max_depth': 3, 'n_estimators': 50}",4,0.0,0.0,0.0,0.3407255294385352,0.0,0.0,1.0
CIUDAD JARDIN,T29C1874MD,xgboost,"{'max_depth': 10, 'n_estimators': 150}",4,1.0,1.0,1.0,1.1206573971395255,1.0,1.3333333333333333,1.3333333333333333
CIUDAD JARDIN,T30C2308GD,xgboost,"{'max_depth': 5, 'n_estimators': 100}",4,0.0,0.0,0.0,0.3695370211730992,0.0,0.0,0.0
CIUDAD JARDIN,T6C01007CH,xgboost,"{'max_depth': 7, 'n_estimators': 100}",4,0.0,0.0,0.0,0.11304373249036033,0.0,0.0,0.0
CIUDAD JARDIN,T6C01007EG,xgboost,"{'max_depth': 10, 'n_estimators': 50}",4,0.0,0.0,0.0,0.6125515762364137,0.0,0.0,0.0
CIUDAD JARDIN,T6C01007GD,xgboost,"{'max_depth': 3, 'n_estimators': 50}",4,0.0,0.0,0.0,0.23255202007315776,0.0,0.0,0.0
CIUDAD JARDIN,T6C01007MD,xgboost,"{'max_depth': 7, 'n_estimators': 100}",4,0.0,0.0,0.0,0.27199848429725176,0.0,0.0,0.0
COMITAN,T23C2139CH,xgboost,"{'max_depth': 10, 'n_estimators': 150}",4,0.0,0.0,0.0,0.2644696236232955,0.0,0.0,1.0
COMITAN,T23C2139GD,xgboost,"{'max_depth': 10, 'n_estimators': 150}",4,0.0,0.0,0.0,0.04222034394406204,0.0,0.0,0.0
COMITAN,T23C2139MD,prophet,"{'seasonality_mode': 'multiplicative', 'changepoint_prior_scale': 0.01}",4,0.5587016873659543,1.0,0.6666666666666666,0.5587016873659543,1.0,0.6666666666666666,0.6666666666666666
COMITAN,T23R1C10MD,prophet,"{'seasonality_mode': 'additive', 'changepoint_prior_scale': 0.1}",4,0.31784866591375244,0.6666666666666666,0.3333333333333333,0.31784866591375244,0.3333333333333333,0.6666666666666666,0.6666666666666666
COMITAN,T29C1874GD,xgboost,"{'max_depth': 3, 'n_estimators': 150}",4,0.0,0.0,0.0,0.0243337090693041,0.0,0.0,0.0
COMITAN,T29C1874MD,xgboost,"{'max_depth': 5, 'n_estimators': 50}",4,0.0,0.0,0.0,0.5027096550648132,0.0,0.0,0.0
COMITAN,T6C01007CH,xgboost,"{'max_depth': 7, 'n_estimators': 150}",4,0.0,0.0,0.0,0.24740845379683998,0.0,0.0,0.0
COMITAN,T6C01007EG,xgboost,"{'max_depth': 7, 'n_estimators': 150}",4,0.0,0.0,0.0,0.017109352246635835,0.0,0.0,0.0
COMITAN,T6C01007GD,xgboost,"{'max_depth': 7, 'n_estimators': 50}",4,0.0,0.0,0.0,0.22174089566470165,0.0,0.0,0.0
COMITAN,T6C01007MD,xgboost,"{'max_depth': 7, 'n_estimators': 50}",4,0.0,0.0,0.0,0.46051274739870324,0.0,0.0,0.0
COMITAN CENTRO,T23C2139CH,xgboost,"{'max_depth': 3, 'n_estimators': 100}",4,0.0,0.0,0.0,0.8099934492673359,1.0,0.0,1.0
COMITAN CENTRO,T23C2139GD,xgboost,"{'max_depth': 3, 'n_estimators': 50}",4,0.0,0.0,0.0,0.08327292267898397,0.0,0.0,0.0
COMITAN CENTRO,T23C2139MD,xgboost,"{'max_depth': 3, 'n_estimators': 50}",4,0.0,0.0,0.0,1.6068484761923842,0.0,1.0,1.0
COMITAN CENTRO,T23P5C01MD,aditivo_modificado,{'num_weeks': 4},4,0.3333333333333333,1.6666666666666667,1.6666666666666667,1.1022521814071244,2.6666666666666665,0.3333333333333333,0.3333333333333333
COMITAN CENTRO,T29C1874MD,xgboost,"{'max_depth': 3, 'n_estimators': 50}",4,0.0,0.0,0.0,0.03203040649591352,0.0,0.0,0.0
COMITAN CENTRO,T30C2308MD,xgboost,"{'max_depth': 10, 'n_estimators': 50}",4,0.0,0.0,0.0,0.3515633639915987,0.0,0.0,0.0
COMITAN CENTRO,T6C01007CH,xgboost,"{'max_depth': 7, 'n_estimators': 150}",4,0.0,0.0,0.0,0.062451516045498756,0.0,0.0,0.0
COMITAN CENTRO,T6C01007GD,xgboost,"{'max_depth': 7, 'n_estimators': 150}",4,0.0,0.0,0.0,0.10551860187006319,0.0,0.0,0.0
COMITAN CENTRO,T6C01007MD,xgboost,"{'max_depth': 10, 'n_estimators': 50}",4,0.0,0.0,0.0,0.20857382264397514,0.0,0.0,0.0
COMITAN CENTRO,TBAD3009MD,xgboost,"{'max_depth': 10, 'n_estimators': 50}",4,0.0,0.0,0.0,0.691674412294593,2.0,0.0,0.0
CUAUTITLAN IZCALLI,T23C2139CH,xgboost,"{'max_depth': 3, 'n_estimators': 150}",4,0.0,0.0,0.0,0.021010991571700836,0.0,0.0,0.0
CUAUTITLAN IZCALLI,T23C2139EG,xgboost,"{'max_depth': 5, 'n_estimators': 150}",4,0.0,0.0,0.0,0.20441623071918094,0.0,0.0,1.0
CUAUTITLAN IZCALLI,T23C2139GD,xgboost,"{'max_depth': 5, 'n_estimators': 100}",4,0.0,0.0,0.0,0.01737761835771581,0.0,0.0,1.0
CUAUTITLAN IZCALLI,T23C2139MD,xgboost,"{'max_depth': 7, 'n_estimators': 50}",4,0.0,0.0,0.0,0.24140350476936845,0.0,0.0,0.0
CUAUTITLAN IZCALLI,T23P5C01EG,xgboost,"{'max_depth': 3, 'n_estimators': 150}",4,0.0,0.0,0.0,0.1550816428237682,0.0,1.0,1.0
CUAUTITLAN IZCALLI,T29C1874MD,xgboost,"{'max_depth': 5, 'n_estimators': 150}",4,0.0,0.0,0.0,0.12677444826942183,0.0,0.0,0.0
CUAUTITLAN IZCALLI,T30C2308MD,xgboost,"{'max_depth': 5, 'n_estimators': 100}",4,0.0,0.0,0.0,0.09125122033693689,0.0,0.0,0.0
CUAUTITLAN IZCALLI,T6C01007EG,xgboost,"{'max_depth': 7, 'n_estimators': 150}",4,0.0,0.0,0.0,0.05446003191358558,0.0,0.0,0.0
CUAUTITLAN IZCALLI,T6C01007GD,xgboost,"{'max_depth': 7, 'n_estimators': 150}",4,0.0,0.0,0.0,0.017341081251612354,0.0,0.0,0.0
CUAUTITLAN IZCALLI,T6C01007MD,xgboost,"{'max_depth': 5, 'n_estimators': 150}",4,0.0,0.0,0.0,0.033260792320701955,0.0,0.0,0.0
CUAUTITLAN ROMERO,T23C2139CH,xgboost,"{'max_depth': 10, 'n_estimators': 50}",4,0.0,0.0,0.0,0.020313230275982246,0.0,0.0,1.0
CUAUTITLAN ROMERO,T23C2139EG,xgboost,"{'max_depth': 5, 'n_estimators': 150}",4,0.3333333333333333,0.3333333333333333,0.3333333333333333,0.34780308622756184,0.3333333333333333,0.6666666666666666,0.6666666666666666
CUAUTITLAN ROMERO,T23C2139GD,xgboost,"{'max_depth': 10, 'n_estimators': 100}",4,0.0,0.0,0.0,0.08248774321967339,0.0,0.0,1.0
CUAUTITLAN ROMERO,T23C2139MD,xgboost,"{'max_depth': 10, 'n_estimators': 50}",4,0.0,0.0,0.0,0.6120829691252706,0.0,0.0,1.0
CUAUTITLAN ROMERO,T29C1874GD,xgboost,"{'max_depth': 7, 'n_estimators': 50}",4,0.0,0.0,0.0,0.11485062065641655,0.0,0.0,0.0
CUAUTITLAN ROMERO,T29C1874MD,xgboost,"{'max_depth': 5, 'n_estimators': 100}",4,0.3333333333333333,0.3333333333333333,0.3333333333333333,0.4580961149984561,0.3333333333333333,0.6666666666666666,0.6666666666666666
CUAUTITLAN ROMERO,T30C2308MD,xgboost,"{'max_depth': 3, 'n_estimators': 50}",4,0.0,0.0,0.0,0.031351156335907904,0.0,0.0,0.0
CUAUTITLAN ROMERO,T6C01007EG,xgboost,"{'max_depth': 7, 'n_estimators': 150}",4,0.0,0.0,0.0,0.07840502211707645,0.0,0.0,0.0
CUAUTITLAN ROMERO,T6C01007GD,xgboost,"{'max_depth': 5, 'n_estimators': 150}",4,0.0,0.0,0.0,0.017575652154294987,0.0,0.0,0.0
CUAUTITLAN ROMERO,T6C01007MD,xgboost,"{'max_depth': 10, 'n_estimators': 50}",4,0.0,0.0,0.0,0.14479342565135875,0.0,0.0,0.0
CUERNAVACA CENTRO,T23C2139CH,xgboost,"{'max_depth': 7, 'n_estimators': 50}",4,0.0,0.0,0.0,0.00661582035462215,0.0,0.0,0.0
CUERNAVACA CENTRO,T23C2139EG,xgboost,"{'max_depth': 5, 'n_estimators': 150}",4,0.0,0.0,0.0,0.06267999619445369,0.0,0.0,0.0
CUERNAVACA CENTRO,T23C2139GD,xgboost,"{'max_depth': 5, 'n_estimators': 100}",4,0.0,0.0,0.0,0.24802130274652326,0.0,0.0,0.0
CUERNAVACA CENTRO,T23C2139MD,xgboost,"{'max_depth': 3, 'n_estimators': 50}",4,0.0,0.0,0.0,0.01893362983401233,0.0,0.0,0.0
CUERNAVACA CENTRO,T29C1874GD,xgboost,"{'max_depth': 3, 'n_estimators': 100}",4,0.0,0.0,0.0,0.01649964467953441,0.0,0.0,0.0
CUERNAVACA CENTRO,T30C1936MD,xgboost,"{'max_depth': 10, 'n_estimators': 50}",4,0.0,0.0,0.0,0.029975891973685997,0.0,0.0,0.0
CUERNAVACA CENTRO,T6C01007CH,xgboost,"{'max_depth': 10, 'n_estimators': 50}",4,0.0,0.0,0.0,0.006707644646207115,0.0,0.0,0.0
CUERNAVACA CENTRO,T6C01007EG,xgboost,"{'max_depth': 5, 'n_estimators': 50}",4,0.0,0.0,0.0,0.03157773004714659,0.0,0.0,0.0
CUERNAVACA CENTRO,T6C01007GD,xgboost,"{'max_depth': 7, 'n_estimators': 50}",4,0.0,0.0,0.0,0.021736548121279314,0.0,0.0,0.0
CUERNAVACA CENTRO,T6C01007MD,xgboost,"{'max_depth': 7, 'n_estimators': 100}",4,0.0,0.0,0.0,0.189288299450694,0.0,0.0,0.0
ECATEPEC 2,T23C2139CH,xgboost,"{'max_depth': 7, 'n_estimators': 50}",4,0.0,0.0,0.0,0.02574205810057845,0.0,0.0,1.0
ECATEPEC 2,T23C2139EG,xgboost,"{'max_depth': 5, 'n_estimators': 150}",4,0.0,0.0,0.0,0.006072780285871993,0.0,0.0,0.0
ECATEPEC 2,T23C2139GD,xgboost,"{'max_depth': 5, 'n_estimators': 100}",4,0.0,0.0,0.0,0.3431888903728408,0.0,0.0,1.0
ECATEPEC 2,T23C2139MD,xgboost,"{'max_depth': 3, 'n_estimators': 50}",4,0.0,0.0,0.0,0.21555056416287832,0.0,0.0,1.0
ECATEPEC 2,T29C1874GD,xgboost,"{'max_depth': 5, 'n_estimators': 50}",4,0.0,0.0,0.0,0.01877540562209601,0.0,0.0,0.0
ECATEPEC 2,T29C1874MD,xgboost,"{'max_depth': 5, 'n_estimators': 50}",4,0.0,0.0,0.0,0.19905683327461476,0.0,0.0,0.0
ECATEPEC 2,T6C01007CH,xgboost,"{'max_depth': 3, 'n_estimators': 100}",4,0.0,0.0,0.0,0.012923108112985951,0.0,0.0,0.0
ECATEPEC 2,T6C01007EG,xgboost,"{'max_depth': 5, 'n_estimators': 50}",4,0.0,0.0,0.0,0.11530259303498115,0.0,0.0,0.0
ECATEPEC 2,T6C01007GD,xgboost,"{'max_depth': 10, 'n_estimators': 50}",4,0.0,0.0,0.0,0.10779832501855963,0.0,0.0,0.0
ECATEPEC 2,T6C01007MD,xgboost,"{'max_depth': 7, 'n_estimators': 150}",4,0.0,0.0,0.0,0.15729133336031376,0.0,0.0,0.0
HUEHUETOCA,T23C2139CH,xgboost,"{'max_depth': 5, 'n_estimators': 50}",4,0.0,0.0,0.0,0.43203654195154995,0.0,0.0,0.0
HUEHUETOCA,T23C2139EG,xgboost,"{'max_depth': 3, 'n_estimators': 50}",4,0.0,0.0,0.0,0.0829435860926467,0.0,0.0,0.0
HUEHUETOCA,T23C2139GD,xgboost,"{'max_depth': 5, 'n_estimators': 50}",4,0.0,0.0,0.0,0.036365575215524575,0.0,0.0,0.0
HUEHUETOCA,T23C2139MD,prophet,"{'seasonality_mode': 'additive', 'changepoint_prior_scale': 0.1}",6,0.637379560363579,0.6666666666666666,0.6666666666666666,0.637379560363579,0.6666666666666666,1.0,1.0
HUEHUETOCA,T29C1874MD,xgboost,"{'max_depth': 3, 'n_estimators': 150}",4,0.3333333333333333,0.3333333333333333,0.3333333333333333,0.4527359103912903,0.3333333333333333,0.6666666666666666,0.6666666666666666
HUEHUETOCA,T30C2308MD,xgboost,"{'max_depth': 3, 'n_estimators': 50}",4,0.0,0.0,0.0,0.02818154473073109,0.0,0.0,0.0
HUEHUETOCA,T6C01007EG,xgboost,"{'max_depth': 7, 'n_estimators': 150}",4,0.0,0.0,0.0,0.0002775848289165507,0.0,0.0,0.0
HUEHUETOCA,T6C01007GD,xgboost,"{'max_depth': 7, 'n_estimators': 150}",4,0.0,0.0,0.0,0.02109646473133048,0.0,0.0,0.0
HUEHUETOCA,T6C01007MD,xgboost,"{'max_depth': 5, 'n_estimators': 150}",4,0.0,0.0,0.0,0.0025101141633319165,0.0,0.0,0.0
HUEHUETOCA,TBAD3008EG,aditivo_modificado,{'num_weeks': 4},4,0.0,1.0,1.0,0.9361508813714181,1.0,0.0,0.0
HUIXTLA,T23C2139CH,xgboost,"{'max_depth': 5, 'n_estimators': 150}",4,0.0,0.0,0.0,0.3043288281768412,0.0,0.0,0.0
HUIXTLA,T23C2139GD,xgboost,"{'max_depth': 5, 'n_estimators': 50}",4,0.0,0.0,0.0,0.10918943949263575,0.0,0.0,1.0
HUIXTLA,T23C2139MD,prophet,"{'seasonality_mode': 'multiplicative', 'changepoint_prior_scale': 0.1}",4,0.25585998982511865,0.3333333333333333,0.3333333333333333,0.25585998982511865,0.3333333333333333,0.6666666666666666,0.6666666666666666
HUIXTLA,T23P5C01MD,aditivo_modificado,{'num_weeks': 6},4,0.0,1.0,1.0,0.27092786878200575,1.0,0.0,0.0
HUIXTLA,T29C1874CH,xgboost,"{'max_depth': 7, 'n_estimators': 150}",4,0.0,0.0,0.0,0.20769474025827483,0.0,0.0,0.0
HUIXTLA,T29C1874EG,xgboost,"{'max_depth': 5, 'n_estimators': 150}",4,0.0,0.0,0.0,0.3650432488786454,0.0,1.0,1.0
HUIXTLA,T29C1874MD,xgboost,"{'max_depth': 3, 'n_estimators': 100}",4,0.3333333333333333,0.3333333333333333,0.3333333333333333,0.43933942675560383,0.3333333333333333,0.6666666666666666,0.6666666666666666
HUIXTLA,T30C2308MD,xgboost,"{'max_depth': 5, 'n_estimators': 50}",4,0.0,0.0,0.0,0.061749171033187035,0.0,0.0,0.0
HUIXTLA,T6C01007CH,xgboost,"{'max_depth': 5, 'n_estimators': 150}",4,0.0,0.0,0.0,0.010284533235049003,0.0,0.0,0.0
HUIXTLA,T6C01007MD,xgboost,"{'max_depth': 5, 'n_estimators': 150}",4,0.0,0.0,0.0,0.08976342346724168,0.0,0.0,0.0
INSURGENTES,T23C2139CH,xgboost,"{'max_depth': 7, 'n_estimators': 50}",4,0.0,0.0,0.0,0.018189067535131526,0.0,0.0,0.0
INSURGENTES,T23C2139EG,xgboost,"{'max_depth': 7, 'n_estimators': 50}",4,0.0,0.0,0.0,0.06627790670812153,0.0,0.0,0.0
INSURGENTES,T23C2139GD,xgboost,"{'max_depth': 3, 'n_estimators': 50}",4,0.0,0.0,0.0,0.10599040972508073,0.0,0.0,0.0
INSURGENTES,T23C2139MD,xgboost,"{'max_depth': 3, 'n_estimators': 50}",4,0.0,0.0,0.0,0.04615547851324692,0.0,0.0,0.0
INSURGENTES,T29C1874MD,xgboost,"{'max_depth': 5, 'n_estimators': 150}",4,0.0,0.0,0.0,0.0553416595452424,0.0,0.0,0.0
INSURGENTES,T30C2308MD,xgboost,"{'max_depth': 5, 'n_estimators': 150}",4,0.0,0.0,0.0,0.10988451707553831,0.0,0.0,0.0
INSURGENTES,T6C01007CH,xgboost,"{'max_depth': 10, 'n_estimators': 150}",4,0.0,0.0,0.0,0.10017529365240925,0.0,0.0,0.0
INSURGENTES,T6C01007EG,xgboost,"{'max_depth': 10, 'n_estimators': 150}",4,0.0,0.0,0.0,0.10626533729523256,0.0,0.0,0.0
INSURGENTES,T6C01007GD,xgboost,"{'max_depth': 10, 'n_estimators': 50}",4,0.0,0.0,0.0,0.09072152417396177,0.0,0.0,0.0
INSURGENTES,T6C01007MD,xgboost,"{'max_depth': 10, 'n_estimators': 50}",4,0.0,0.0,0.0,0.043044129540411515,0.0,0.0,0.0
IXTAPALUCA,T23C2139CH,aditivo_modificado,{'num_weeks': 4},4,0.3333333333333333,0.6666666666666666,0.6666666666666666,0.42723003884469674,0.6666666666666666,0.3333333333333333,0.3333333333333333
IXTAPALUCA,T23C2139EG,xgboost,"{'max_depth': 7, 'n_estimators': 150}",4,0.0,0.0,0.0,0.13549703238589908,0.0,0.0,1.0
IXTAPALUCA,T23C2139GD,xgboost,"{'max_depth': 10, 'n_estimators': 150}",4,0.0,0.0,0.0,0.7262014267647511,0.0,1.0,1.0
IXTAPALUCA,T23C2139MD,xgboost,"{'max_depth': 3, 'n_estimators': 150}",4,0.0,0.0,0.0,0.34118533818734575,0.0,0.0,0.0
IXTAPALUCA,T29C1874GD,xgboost,"{'max_depth': 10, 'n_estimators': 50}",4,0.0,0.0,0.0,0.03455941696577741,0.0,0.0,0.0
IXTAPALUCA,T29C1874MD,xgboost,"{'max_depth': 7, 'n_estimators': 50}",4,0.3333333333333333,0.3333333333333333,0.3333333333333333,0.3610129994020217,0.3333333333333333,0.6666666666666666,0.6666666666666666
IXTAPALUCA,T6C01007EG,xgboost,"{'max_depth': 7, 'n_estimators': 150}",4,0.0,0.0,0.0,0.05833046049919798,0.0,0.0,0.0
IXTAPALUCA,T6C01007GD,xgboost,"{'max_depth': 7, 'n_estimators': 150}",4,0.0,0.0,0.0,0.011416107024103415,0.0,0.0,0.0
IXTAPALUCA,T6C01007MD,xgboost,"{'max_depth': 5, 'n_estimators': 150}",4,0.0,0.0,0.0,0.02890741401478396,0.0,0.0,0.0
IXTAPALUCA,TBAD3008EG,xgboost,"{'max_depth': 5, 'n_estimators': 50}",4,0.0,0.0,0.0,2.212875200842758,1.0,0.0,0.0
IZTAPALAPA,T23C2139CH,xgboost,"{'max_depth': 10, 'n_estimators': 150}",4,0.0,0.0,0.0,0.3215025619511242,0.0,0.0,0.0
IZTAPALAPA,T23C2139EG,xgboost,"{'max_depth': 7, 'n_estimators': 50}",4,0.3333333333333333,0.3333333333333333,0.3333333333333333,0.43467211190885674,0.3333333333333333,0.6666666666666666,0.6666666666666666
IZTAPALAPA,T23C2139GD,xgboost,"{'max_depth': 10, 'n_estimators': 150}",4,0.0,0.0,0.0,0.5155323108257343,0.0,0.0,0.0
IZTAPALAPA,T23C2139MD,xgboost,"{'max_depth': 3, 'n_estimators': 50}",4,0.0,0.0,0.0,0.939050268391489,0.0,0.0,1.0
IZTAPALAPA,T29C1874GD,aditivo_modificado,{'num_weeks': 4},4,0.3333333333333333,0.6666666666666666,0.6666666666666666,0.7304106185792332,0.6666666666666666,0.3333333333333333,0.3333333333333333
IZTAPALAPA,T29C1874MD,aditivo_modificado,{'num_weeks': 4},4,0.3333333333333333,0.6666666666666666,0.6666666666666666,0.5850724422902628,0.6666666666666666,0.3333333333333333,0.3333333333333333
IZTAPALAPA,T6C01007EG,xgboost,"{'max_depth': 7, 'n_estimators': 50}",4,0.0,0.0,0.0,0.48363211745300694,0.0,0.0,0.0
IZTAPALAPA,T6C01007GD,xgboost,"{'max_depth': 5, 'n_estimators': 100}",4,0.0,0.0,0.0,0.04292520219332004,0.0,0.0,0.0
IZTAPALAPA,T6C01007MD,xgboost,"{'max_depth': 3, 'n_estimators': 50}",4,0.0,0.0,0.0,0.0938229231260254,0.0,0.0,0.0
IZTAPALAPA,TBAD3009MD,xgboost,"{'max_depth': 7, 'n_estimators': 50}",4,0.0,0.0,0.0,0.24340273909100418,1.0,0.0,0.0
IZUCAR DE MATAMOROS,T23C2139CH,xgboost,"{'max_depth': 5, 'n_estimators': 150}",4,0.0,0.0,0.0,0.1267120378629091,0.0,0.0,0.0
IZUCAR DE MATAMOROS,T23C2139EG,xgboost,"{'max_depth': 3, 'n_estimators': 100}",4,0.0,0.0,0.0,0.24508550043228228,0.0,1.0,1.0
IZUCAR DE MATAMOROS,T23C2139GD,xgboost,"{'max_depth': 10, 'n_estimators': 150}",4,0.0,0.0,0.0,0.2756117945912467,0.0,0.0,1.0
IZUCAR DE MATAMOROS,T23C2139MD,xgboost,"{'max_depth': 3, 'n_estimators': 150}",4,0.0,0.0,0.0,0.1788814125837805,0.0,0.0,0.0
IZUCAR DE MATAMOROS,T29C1874MD,xgboost,"{'max_depth': 7, 'n_estimators': 150}",4,0.0,0.0,0.0,0.056792915846748164,0.0,0.0,0.0
IZUCAR DE MATAMOROS,T30C2308MD,xgboost,"{'max_depth': 5, 'n_estimators': 150}",4,0.0,0.0,0.0,0.3589164762369144,0.0,0.0,0.0
IZUCAR DE MATAMOROS,T6C01007CH,xgboost,"{'max_depth': 5, 'n_estimators': 150}",4,0.0,0.0,0.0,0.045171421097412845,0.0,0.0,0.0
IZUCAR DE MATAMOROS,T6C01007EG,xgboost,"{'max_depth': 3, 'n_estimators': 50}",4,0.0,0.0,0.0,0.011416328783695083,0.0,0.0,0.0
IZUCAR DE MATAMOROS,T6C01007GD,xgboost,"{'max_depth': 7, 'n_estimators': 50}",4,0.0,0.0,0.0,0.030204782332655417,0.0,0.0,0.0
IZUCAR DE MATAMOROS,T6C01007MD,xgboost,"{'max_depth': 5, 'n_estimators': 150}",4,0.0,0.0,0.0,0.028473822095876566,0.0,0.0,0.0
LA VILLA,T23C2139CH,xgboost,"{'max_depth': 3, 'n_estimators': 150}",4,0.0,0.0,0.0,0.16336556585957676,0.0,0.0,0.0
LA VILLA,T23C2139EG,xgboost,"{'max_depth': 10, 'n_estimators': 50}",4,0.0,0.0,0.0,0.048908074501564446,0.0,0.0,0.0
LA VILLA,T23C2139GD,xgboost,"{'max_depth': 10, 'n_estimators': 50}",4,0.3333333333333333,0.3333333333333333,0.3333333333333333,0.401146035813948,0.3333333333333333,0.6666666666666666,0.6666666666666666
LA VILLA,T23C2139MD,xgboost,"{'max_depth': 3, 'n_estimators': 50}",4,0.0,0.0,0.0,0.27506710814026203,0.0,0.0,0.0
LA VILLA,T30C2308GD,xgboost,"{'max_depth': 3, 'n_estimators': 50}",4,0.0,0.0,0.0,0.784376380584683,0.0,0.0,0.0
LA VILLA,T30C2308MD,xgboost,"{'max_depth': 5, 'n_estimators': 50}",4,0.0,0.0,0.0,0.21813907126442444,0.0,0.0,0.0
LA VILLA,T6C01007CH,xgboost,"{'max_depth': 10, 'n_estimators': 50}",4,0.0,0.0,0.0,0.0517007197613386,0.0,0.0,0.0
LA VILLA,T6C01007EG,xgboost,"{'max_depth': 7, 'n_estimators': 150}",4,0.0,0.0,0.0,0.013734914362259843,0.0,0.0,0.0
LA VILLA,T6C01007GD,xgboost,"{'max_depth': 10, 'n_estimators': 50}",4,0.0,0.0,0.0,0.2563395621643936,0.0,0.0,0.0
LA VILLA,T6C01007MD,xgboost,"{'max_depth': 5, 'n_estimators': 50}",4,0.0,0.0,0.0,0.8518300980872544,0.0,0.0,0.0
LAS AMERICAS,T23C2139CH,xgboost,"{'max_depth': 7, 'n_estimators': 150}",4,0.0,0.0,0.0,0.2129269038241087,0.0,0.0,0.0
LAS AMERICAS,T23C2139EG,xgboost,"{'max_depth': 3, 'n_estimators': 150}",4,0.0,0.0,0.0,0.02690017376552682,0.0,0.0,0.0
LAS AMERICAS,T23C2139GD,xgboost,"{'max_depth': 3, 'n_estimators': 50}",4,0.0,0.0,0.0,0.024045825216532344,0.0,0.0,0.0
LAS AMERICAS,T23C2139MD,xgboost,"{'max_depth': 10, 'n_estimators': 50}",4,0.0,0.0,0.0,0.08017224243155217,0.0,0.0,0.0
LAS AMERICAS,T29C1874GD,xgboost,"{'max_depth': 3, 'n_estimators': 150}",4,0.0,0.0,0.0,0.09447095287329625,0.0,0.0,0.0
LAS AMERICAS,T29C1874MD,xgboost,"{'max_depth': 5, 'n_estimators': 100}",4,0.0,0.0,0.0,0.0921758979509777,0.0,0.0,0.0
LAS AMERICAS,T6C01007CH,xgboost,"{'max_depth': 3, 'n_estimators': 50}",4,0.0,0.0,0.0,0.097536964705685,0.0,0.0,0.0
LAS AMERICAS,T6C01007EG,xgboost,"{'max_depth': 10, 'n_estimators': 50}",4,0.0,0.0,0.0,0.10378811036338483,0.0,0.0,0.0
LAS AMERICAS,T6C01007GD,xgboost,"{'max_depth': 10, 'n_estimators': 50}",4,0.0,0.0,0.0,0.22441797559362894,0.0,0.0,0.0
LAS AMERICAS,T6C01007MD,xgboost,"{'max_depth': 3, 'n_estimators': 50}",4,0.0,0.0,0.0,0.23643429457389772,0.0,0.0,0.0
LEON CENTRO,T23C2139CH,xgboost,"{'max_depth': 10, 'n_estimators': 150}",4,0.0,0.0,0.0,0.25857986284189916,0.0,1.0,1.0
LEON CENTRO,T23C2139EG,xgboost,"{'max_depth': 3, 'n_estimators': 50}",4,0.0,0.0,0.0,0.40901539715852225,0.0,1.0,1.0
LEON CENTRO,T23C2139GD,xgboost,"{'max_depth': 7, 'n_estimators': 50}",4,0.0,0.0,0.0,0.1603320511368971,0.0,0.0,0.0
LEON CENTRO,T23C2139MD,xgboost,"{'max_depth': 10, 'n_estimators': 50}",4,0.0,0.0,0.0,0.19105809045518876,0.0,0.0,1.0
LEON CENTRO,T6C01007CH,xgboost,"{'max_depth': 3, 'n_estimators': 50}",4,0.0,0.0,0.0,0.007175176102470424,0.0,0.0,0.0
LEON CENTRO,T6C01007EG,xgboost,"{'max_depth': 10, 'n_estimators': 50}",4,0.0,0.0,0.0,0.20037185633307017,0.0,0.0,0.0
LEON CENTRO,T6C01007GD,xgboost,"{'max_depth': 3, 'n_estimators': 50}",4,0.0,0.0,0.0,0.2097302042393472,0.0,0.0,0.0
LEON CENTRO,T6C01007MD,xgboost,"{'max_depth': 10, 'n_estimators': 50}",4,0.0,0.0,0.0,0.18566676492282067,0.0,0.0,0.0
LEON CENTRO,TA4D3027EG,aditivo_modificado,{'num_weeks': 4},4,0.0,2.0,2.0,0.8091826658873367,1.6666666666666667,0.0,1.0
LEON CENTRO,TBAD3009EG,xgboost,"{'max_depth': 10, 'n_estimators': 50}",4,0.0,0.0,0.0,0.20431704058568181,1.0,0.0,0.0
LOS REYES,T23C2139CH,prophet,"{'seasonality_mode': 'additive', 'changepoint_prior_scale': 0.1}",5,0.2784494155868046,0.3333333333333333,0.3333333333333333,0.2784494155868046,0.3333333333333333,0.6666666666666666,0.6666666666666666
LOS REYES,T23C2139EG,xgboost,"{'max_depth': 3, 'n_estimators': 50}",4,0.0,0.0,0.0,0.02005614285494224,0.0,0.0,0.0
LOS REYES,T23C2139GD,xgboost,"{'max_depth': 3, 'n_estimators': 50}",4,0.3333333333333333,0.3333333333333333,0.3333333333333333,0.359070154087113,0.3333333333333333,0.6666666666666666,0.6666666666666666
LOS REYES,T23C2139MD,xgboost,"{'max_depth': 10, 'n_estimators': 50}",4,0.0,0.0,0.0,0.2792826327506937,0.0,0.0,0.0
LOS REYES,T29C1874MD,xgboost,"{'max_depth': 5, 'n_estimators': 150}",4,0.6666666666666666,0.6666666666666666,0.6666666666666666,0.6835603375757179,0.6666666666666666,1.0,1.0
LOS REYES,T6C01007CH,xgboost,"{'max_depth': 10, 'n_estimators': 150}",4,0.0,0.0,0.0,0.026143078901262964,0.0,0.0,0.0
LOS REYES,T6C01007EG,xgboost,"{'max_depth': 7, 'n_estimators': 150}",4,0.0,0.0,0.0,0.09749035059572148,0.0,0.0,0.0
LOS REYES,T6C01007GD,xgboost,"{'max_depth': 10, 'n_estimators': 150}",4,0.0,0.0,0.0,0.019903183324132306,0.0,0.0,0.0
LOS REYES,T6C01007MD,xgboost,"{'max_depth': 5, 'n_estimators': 100}",4,0.0,0.0,0.0,0.16102099786459903,0.0,0.0,0.0
LOS REYES,TBAD3008MD,xgboost,"{'max_depth': 10, 'n_estimators': 50}",4,0.0,0.0,1.0,0.3610071738552656,1.0,0.0,0.0
MATIAS ROMERO,T23C2139CH,xgboost,"{'max_depth': 7, 'n_estimators': 50}",4,0.0,0.0,0.0,0.27726834737056555,0.0,0.0,1.0
MATIAS ROMERO,T23C2139EG,xgboost,"{'max_depth': 5, 'n_estimators': 150}",4,0.0,0.0,0.0,0.13869747788652464,0.0,0.0,0.0
MATIAS ROMERO,T23C2139GD,xgboost,"{'max_depth': 7, 'n_estimators': 50}",4,0.3333333333333333,0.3333333333333333,0.3333333333333333,0.4369547916269376,0.3333333333333333,0.6666666666666666,0.6666666666666666
MATIAS ROMERO,T23C2139MD,xgboost,"{'max_depth': 5, 'n_estimators': 150}",4,0.3333333333333333,0.3333333333333333,0.3333333333333333,0.3964564082933785,0.3333333333333333,0.6666666666666666,0.6666666666666666
MATIAS ROMERO,T23P5C01CH,xgboost,"{'max_depth': 7, 'n_estimators': 100}",4,0.0,0.0,0.0,0.2763824468779199,0.0,0.0,1.0
MATIAS ROMERO,T29C1874MD,xgboost,"{'max_depth': 7, 'n_estimators': 150}",4,0.3333333333333333,0.3333333333333333,0.3333333333333333,0.3754126768421589,0.3333333333333333,0.6666666666666666,0.6666666666666666
MATIAS ROMERO,T6C01007CH,xgboost,"{'max_depth': 7, 'n_estimators': 150}",4,0.0,0.0,0.0,0.040614412111074555,0.0,0.0,0.0
MATIAS ROMERO,T6C01007EG,xgboost,"{'max_depth': 3, 'n_estimators': 100}",4,0.0,0.0,0.0,0.030194057156775676,0.0,0.0,0.0
MATIAS ROMERO,T6C01007GD,xgboost,"{'max_depth': 3, 'n_estimators': 50}",4,0.0,0.0,0.0,0.008602789184556219,0.0,0.0,0.0
MATIAS ROMERO,T6C01007MD,xgboost,"{'max_depth': 3, 'n_estimators': 100}",4,0.0,0.0,0.0,0.08290700300509544,0.0,0.0,0.0
MERIDA,T23C2139CH,aditivo_modificado,{'num_weeks': 4},4,0.3333333333333333,0.6666666666666666,0.6666666666666666,0.4511035909534842,0.6666666666666666,0.3333333333333333,0.3333333333333333
MERIDA,T23C2139EG,xgboost,"{'max_depth': 3, 'n_estimators': 100}",4,0.0,0.0,0.0,0.021893254852302854,0.0,0.0,0.0
MERIDA,T23C2139GD,xgboost,"{'max_depth': 5, 'n_estimators': 50}",4,0.0,0.0,0.0,0.08629517856145762,0.0,0.0,0.0
MERIDA,T23C2139MD,xgboost,"{'max_depth': 10, 'n_estimators': 50}",4,0.0,0.0,0.0,0.678762704629876,0.0,0.0,1.0
MERIDA,T29C1874MD,xgboost,"{'max_depth': 7, 'n_estimators': 50}",4,0.0,0.0,0.0,0.6600568378640342,0.0,0.0,0.0
MERIDA,T30C1936MD,xgboost,"{'max_depth': 10, 'n_estimators': 50}",4,0.0,0.0,0.0,0.17113726032896015,0.0,0.0,0.0
MERIDA,T6C01007CH,xgboost,"{'max_depth': 3, 'n_estimators': 100}",4,0.0,0.0,0.0,0.09827562210551662,0.0,0.0,0.0
MERIDA,T6C01007EG,xgboost,"{'max_depth': 3, 'n_estimators': 150}",4,0.0,0.0,0.0,0.18621526052843462,0.0,0.0,0.0
MERIDA,T6C01007GD,xgboost,"{'max_depth': 7, 'n_estimators': 50}",4,0.0,0.0,0.0,0.06360166736580783,0.0,0.0,0.0
MERIDA,T6C01007MD,rf,"{'max_depth': 3, 'n_estimators': 150}",4,0.0,1.0,0.0,0.043341869893742974,0.0,0.0,0.0
MERIDA 2,T23C2139CH,xgboost,"{'max_depth': 3, 'n_estimators': 50}",4,0.0,0.0,0.0,0.13886948147727227,0.0,0.0,0.0
MERIDA 2,T23C2139EG,xgboost,"{'max_depth': 7, 'n_estimators': 50}",4,0.0,0.0,0.0,0.02321344747051601,0.0,0.0,0.0
MERIDA 2,T23C2139GD,xgboost,"{'max_depth': 7, 'n_estimators': 50}",4,0.0,0.0,0.0,0.07594558194985647,0.0,0.0,0.0
MERIDA 2,T23C2139MD,aditivo_modificado,{'num_weeks': 4},4,0.3333333333333333,1.6666666666666667,1.0,0.3863046215739208,0.6666666666666666,0.3333333333333333,0.3333333333333333
MERIDA 2,T29C1874EG,xgboost,"{'max_depth': 7, 'n_estimators': 100}",4,0.0,0.0,0.0,0.26682235834040496,0.0,0.0,0.0
MERIDA 2,T29C1874MD,xgboost,"{'max_depth': 5, 'n_estimators': 50}",4,0.3333333333333333,0.3333333333333333,0.3333333333333333,0.4298096666637372,0.3333333333333333,0.6666666666666666,0.6666666666666666
MERIDA 2,T6C01007CH,xgboost,"{'max_depth': 7, 'n_estimators': 50}",4,0.0,0.0,0.0,0.01930780997600118,0.0,0.0,0.0
MERIDA 2,T6C01007EG,xgboost,"{'max_depth': 10, 'n_estimators': 150}",4,0.0,0.0,0.0,0.23723004870241482,0.0,0.0,0.0
MERIDA 2,T6C01007GD,xgboost,"{'max_depth': 7, 'n_estimators': 150}",4,0.0,0.0,0.0,0.03672534642683644,0.0,0.0,0.0
MERIDA 2,T6C01007MD,xgboost,"{'max_depth': 10, 'n_estimators': 50}",4,0.0,0.0,0.0,0.13688972196321994,0.0,0.0,0.0
METRO PINO SUAREZ,T23C2139CH,xgboost,"{'max_depth': 3, 'n_estimators': 50}",4,0.3333333333333333,0.3333333333333333,0.3333333333333333,0.38389895369982296,0.3333333333333333,0.6666666666666666,0.6666666666666666
METRO PINO SUAREZ,T23C2139EG,xgboost,"{'max_depth': 3, 'n_estimators': 50}",4,0.0,0.0,0.0,0.1601369265599776,0.0,0.0,1.0
METRO PINO SUAREZ,T23C2139GD,xgboost,"{'max_depth': 10, 'n_estimators': 50}",4,0.0,0.0,0.0,0.15860690206552905,0.0,0.0,0.0
METRO PINO SUAREZ,T23C2139MD,prophet,"{'seasonality_mode': 'multiplicative', 'changepoint_prior_scale': 0.5}",4,0.2240794787819854,0.3333333333333333,0.3333333333333333,0.2240794787819854,0.3333333333333333,0.6666666666666666,0.6666666666666666
METRO PINO SUAREZ,T6C01007CH,xgboost,"{'max_depth': 10, 'n_estimators': 50}",4,0.0,0.0,0.0,0.07532510193160315,0.0,0.0,0.0
METRO PINO SUAREZ,T6C01007EG,xgboost,"{'max_depth': 10, 'n_estimators': 50}",4,0.0,0.0,0.0,0.6546791903294163,0.0,0.0,0.0
METRO PINO SUAREZ,T6C01007GD,xgboost,"{'max_depth': 10, 'n_estimators': 50}",4,0.0,0.0,0.0,0.08353630628897742,0.0,0.0,0.0
METRO PINO SUAREZ,T6C01007MD,xgboost,"{'max_depth': 3, 'n_estimators': 50}",4,0.0,0.0,0.0,0.06768092176481218,0.0,0.0,0.0
METRO PINO SUAREZ,TBAD3008EG,xgboost,"{'max_depth': 3, 'n_estimators': 50}",4,0.0,0.0,0.0,0.3968378296247372,2.0,0.0,0.0
METRO PINO SUAREZ,TBAD3008MD,aditivo_modificado,{'num_weeks': 4},4,0.0,1.0,1.0,0.4921017619571326,1.0,0.0,0.0
MINATITLAN,T23C2139CH,xgboost,"{'max_depth': 3, 'n_estimators': 50}",4,0.0,0.0,0.0,0.015935766022020546,0.0,0.0,0.0
MINATITLAN,T23C2139EG,xgboost,"{'max_depth': 5, 'n_estimators': 150}",4,0.0,0.0,0.0,0.07147132325676352,0.0,0.0,0.0
MINATITLAN,T23C2139GD,xgboost,"{'max_depth': 7, 'n_estimators': 150}",4,0.0,0.0,0.0,0.019406657365194643,0.0,0.0,0.0
MINATITLAN,T23C2139MD,xgboost,"{'max_depth': 7, 'n_estimators': 150}",4,0.0,0.0,0.0,0.2164171530343252,0.0,0.0,0.0
MINATITLAN,T29C1874GD,xgboost,"{'max_depth': 3, 'n_estimators': 50}",4,0.0,0.0,0.0,0.057105378924409735,0.0,0.0,0.0
MINATITLAN,T29C1874MD,xgboost,"{'max_depth': 3, 'n_estimators': 100}",4,0.0,0.0,0.0,0.12235298082870029,0.0,0.0,1.0
MINATITLAN,T6C01007CH,xgboost,"{'max_depth': 7, 'n_estimators': 100}",4,0.0,0.0,0.0,0.07418887360577853,0.0,0.0,0.0
MINATITLAN,T6C01007EG,xgboost,"{'max_depth': 10, 'n_estimators': 150}",4,0.0,0.0,0.0,0.21398732841803805,0.0,0.0,0.0
MINATITLAN,T6C01007GD,xgboost,"{'max_depth': 7, 'n_estimators': 50}",4,0.0,0.0,0.0,0.017788448368444024,0.0,0.0,0.0
MINATITLAN,T6C01007MD,xgboost,"{'max_depth': 7, 'n_estimators': 50}",4,0.0,0.0,0.0,0.0166090700901589,0.0,0.0,0.0
MORELIA,T23C2139CH,xgboost,"{'max_depth': 10, 'n_estimators': 50}",4,0.0,0.0,0.0,0.010729719493241736,0.0,0.0,0.0
MORELIA,T23C2139EG,xgboost,"{'max_depth': 7, 'n_estimators': 150}",4,0.0,0.0,0.0,0.08108679159757083,0.0,0.0,0.0
MORELIA,T23C2139GD,xgboost,"{'max_depth': 3, 'n_estimators': 150}",4,0.0,0.0,0.0,0.10483845560105136,0.0,0.0,0.0
MORELIA,T23C2139MD,xgboost,"{'max_depth': 3, 'n_estimators': 50}",4,0.0,0.0,0.0,0.5057892504165593,0.0,0.0,0.0
MORELIA,T29C1874MD,xgboost,"{'max_depth': 7, 'n_estimators': 50}",4,0.0,0.0,0.0,0.037218517277675556,0.0,0.0,1.0
MORELIA,T30C1936MD,xgboost,"{'max_depth': 7, 'n_estimators': 50}",4,0.0,0.0,0.0,0.33380236886807246,0.0,0.0,0.0
MORELIA,T30C2308MD,xgboost,"{'max_depth': 5, 'n_estimators': 50}",4,0.0,0.0,0.0,0.04083025875365198,0.0,0.0,0.0
MORELIA,T6C01007CH,xgboost,"{'max_depth': 7, 'n_estimators': 100}",4,0.0,0.0,0.0,0.04338158470638609,0.0,0.0,0.0
MORELIA,T6C01007GD,xgboost,"{'max_depth': 5, 'n_estimators': 150}",4,0.0,0.0,0.0,0.038173030446704975,0.0,0.0,0.0
MORELIA,T6C01007MD,xgboost,"{'max_depth': 5, 'n_estimators': 100}",4,0.0,0.0,0.0,0.014120690504073698,0.0,0.0,0.0
NAUCALPAN,T23C2139CH,xgboost,"{'max_depth': 3, 'n_estimators': 50}",4,0.0,0.0,0.0,0.01847804412621332,0.0,0.0,0.0
NAUCALPAN,T23C2139EG,xgboost,"{'max_depth': 3, 'n_estimators': 50}",4,0.0,0.0,0.0,0.6653612921559132,0.0,1.0,1.0
NAUCALPAN,T23C2139GD,xgboost,"{'max_depth': 3, 'n_estimators': 50}",4,0.0,0.0,0.0,0.003786032092351116,0.0,0.0,0.0
NAUCALPAN,T23C2139MD,rf,"{'max_depth': 7, 'n_estimators': 100}",4,0.0,0.3333333333333333,0.0,0.5674989035820204,0.0,0.0,1.0
NAUCALPAN,T6C01007CH,xgboost,"{'max_depth': 3, 'n_estimators': 50}",4,0.0,0.0,0.0,0.07913961391552837,0.0,0.0,0.0
NAUCALPAN,T6C01007GD,xgboost,"{'max_depth': 7, 'n_estimators': 100}",4,0.0,0.0,0.0,0.07777887503497054,0.0,0.0,0.0
NAUCALPAN,T6C01007MD,xgboost,"{'max_depth': 3, 'n_estimators': 50}",4,0.0,0.0,0.0,0.26289417077014926,0.0,0.0,0.0
NAUCALPAN,TBAD3008EG,aditivo_modificado,{'num_weeks': 4},4,0.0,1.0,1.0,0.2805298506681506,2.0,0.0,0.0
NAUCALPAN,TBAD3008MD,aditivo_modificado,{'num_weeks': 4},4,0.0,1.0,1.0,1.1447118839287498,1.0,0.0,0.0
NAUCALPAN,TBAD3009GD,xgboost,"{'max_depth': 5, 'n_estimators': 50}",4,0.0,0.0,0.0,0.7002020233557179,1.0,0.0,0.0
NEZA,T23C2139CH,xgboost,"{'max_depth': 5, 'n_estimators': 150}",4,0.3333333333333333,0.3333333333333333,0.3333333333333333,0.3389651089822277,0.3333333333333333,0.6666666666666666,0.6666666666666666
NEZA,T23C2139EG,xgboost,"{'max_depth': 5, 'n_estimators': 150}",4,0.3333333333333333,0.3333333333333333,0.3333333333333333,0.40393295981063293,0.3333333333333333,0.6666666666666666,0.6666666666666666
NEZA,T23C2139GD,xgboost,"{'max_depth': 5, 'n_estimators': 150}",4,1.0,1.0,1.3333333333333333,1.2243203393124518,1.3333333333333333,1.0,1.0
NEZA,T23C2139MD,xgboost,"{'max_depth': 7, 'n_estimators': 150}",4,0.3333333333333333,0.3333333333333333,0.3333333333333333,0.40614497520847226,0.3333333333333333,0.6666666666666666,0.6666666666666666
NEZA,T29C1874MD,xgboost,"{'max_depth': 3, 'n_estimators': 50}",4,0.3333333333333333,0.3333333333333333,0.3333333333333333,0.43928442382799915,0.3333333333333333,0.6666666666666666,0.6666666666666666
NEZA,T30C2308GD,xgboost,"{'max_depth': 7, 'n_estimators': 150}",4,0.0,0.0,0.0,0.14254651816061847,0.0,0.0,0.0
NEZA,T6C01007EG,xgboost,"{'max_depth': 10, 'n_estimators': 150}",4,0.0,0.0,0.0,0.10164084143197329,0.0,0.0,0.0
NEZA,T6C01007GD,xgboost,"{'max_depth': 7, 'n_estimators': 150}",4,0.0,0.0,0.0,0.08310123585202996,0.0,0.0,0.0
NEZA,T6C01007MD,xgboost,"{'max_depth': 5, 'n_estimators': 150}",4,0.0,0.0,0.0,0.15991987033110402,0.0,0.0,0.0
NEZA,TBAD3008MD,xgboost,"{'max_depth': 5, 'n_estimators': 150}",4,0.0,0.0,1.0,0.3859129111468018,1.0,0.0,0.0
NICOLAS ROMERO CENTRO,T23C2139CH,xgboost,"{'max_depth': 3, 'n_estimators': 150}",4,0.0,0.0,0.0,0.10093597235746464,0.0,0.0,1.0
NICOLAS ROMERO CENTRO,T23C2139EG,xgboost,"{'max_depth': 7, 'n_estimators': 150}",4,0.0,0.0,0.0,0.3374405486080419,0.0,1.0,1.0
NICOLAS ROMERO CENTRO,T23C2139GD,xgboost,"{'max_depth': 10, 'n_estimators': 50}",4,0.3333333333333333,0.3333333333333333,0.3333333333333333,0.34815189180959294,0.3333333333333333,0.6666666666666666,0.6666666666666666
NICOLAS ROMERO CENTRO,T23C2139MD,xgboost,"{'max_depth': 5, 'n_estimators': 50}",4,0.0,0.0,0.0,0.17376606319407972,0.0,0.0,0.0
NICOLAS ROMERO CENTRO,T30C2308GD,xgboost,"{'max_depth': 3, 'n_estimators': 50}",4,0.0,0.0,0.0,0.10002485758638084,0.0,0.0,0.0
NICOLAS ROMERO CENTRO,T30C2308MD,xgboost,"{'max_depth': 7, 'n_estimators': 50}",4,0.0,0.0,0.0,0.03975974908319283,0.0,0.0,0.0
NICOLAS ROMERO CENTRO,T6C01007CH,xgboost,"{'max_depth': 5, 'n_estimators': 150}",4,0.0,0.0,0.0,0.023119092582769295,0.0,0.0,0.0
NICOLAS ROMERO CENTRO,T6C01007EG,xgboost,"{'max_depth': 10, 'n_estimators': 50}",4,0.0,0.0,0.0,0.14917897096334287,0.0,0.0,0.0
NICOLAS ROMERO CENTRO,T6C01007GD,xgboost,"{'max_depth': 10, 'n_estimators': 150}",4,0.0,0.0,0.0,0.06907761315713194,0.0,0.0,0.0
NICOLAS ROMERO CENTRO,T6C01007MD,xgboost,"{'max_depth': 10, 'n_estimators': 50}",4,0.0,0.0,0.0,0.01430571979340385,0.0,0.0,0.0
OLIVAR DEL CONDE,T23C2139CH,xgboost,"{'max_depth': 3, 'n_estimators': 150}",4,0.0,0.0,0.0,0.1091746655536785,0.0,0.0,1.0
OLIVAR DEL CONDE,T23C2139EG,xgboost,"{'max_depth': 3, 'n_estimators': 150}",4,0.3333333333333333,0.3333333333333333,0.3333333333333333,0.3677422181325675,0.3333333333333333,0.6666666666666666,0.6666666666666666
OLIVAR DEL CONDE,T23C2139GD,xgboost,"{'max_depth': 3, 'n_estimators': 50}",4,0.0,0.0,0.0,0.06492728723928522,0.0,0.0,1.0
OLIVAR DEL CONDE,T23C2139MD,xgboost,"{'max_depth': 3, 'n_estimators': 50}",4,0.0,0.0,0.0,0.04869309445188728,0.0,0.0,0.0
OLIVAR DEL CONDE,T23P5C01MD,aditivo_modificado,{'num_weeks': 4},4,0.3333333333333333,0.6666666666666666,0.6666666666666666,0.5246481068742309,0.6666666666666666,0.3333333333333333,0.3333333333333333
OLIVAR DEL CONDE,T29C1874MD,poisson,"{'alpha': 0.1, 'max_iter': 250}",4,0.3333333333333333,1.0,1.0,0.4887660219464293,0.3333333333333333,0.6666666666666666,0.6666666666666666
OLIVAR DEL CONDE,T30C2308GD,xgboost,"{'max_depth': 7, 'n_estimators': 100}",4,0.0,0.0,0.0,0.02734719450675338,0.0,0.0,0.0
OLIVAR DEL CONDE,T6C01007EG,xgboost,"{'max_depth': 7, 'n_estimators': 50}",4,0.0,0.0,0.0,0.026521180879540515,0.0,0.0,0.0
OLIVAR DEL CONDE,T6C01007GD,xgboost,"{'max_depth': 7, 'n_estimators': 150}",4,0.0,0.0,0.0,0.02675273801223911,0.0,0.0,0.0
OLIVAR DEL CONDE,T6C01007MD,xgboost,"{'max_depth': 5, 'n_estimators': 150}",4,0.0,0.0,0.0,0.08158805801479374,0.0,0.0,0.0
PACHUCA PLAZA BELLA,T23C2139CH,xgboost,"{'max_depth': 5, 'n_estimators': 50}",4,0.0,0.0,0.0,0.014732898310725535,0.0,0.0,0.0
PACHUCA PLAZA BELLA,T23C2139EG,xgboost,"{'max_depth': 10, 'n_estimators': 150}",4,0.0,0.0,0.0,0.2627428674798276,0.0,0.0,1.0
PACHUCA PLAZA BELLA,T23C2139GD,xgboost,"{'max_depth': 10, 'n_estimators': 50}",4,0.0,0.0,0.0,0.33342983601572995,0.0,0.0,1.0
PACHUCA PLAZA BELLA,T23C2139MD,xgboost,"{'max_depth': 3, 'n_estimators': 50}",4,0.0,0.0,0.0,0.18557767095830244,0.0,0.0,1.0
PACHUCA PLAZA BELLA,T29C1874MD,xgboost,"{'max_depth': 3, 'n_estimators': 100}",4,0.0,0.0,0.0,0.22449550015062414,0.0,0.0,0.0
PACHUCA PLAZA BELLA,T30C2308MD,xgboost,"{'max_depth': 7, 'n_estimators': 150}",4,0.0,0.0,0.0,0.09329789170389535,0.0,0.0,0.0
PACHUCA PLAZA BELLA,T6C01007CH,xgboost,"{'max_depth': 5, 'n_estimators': 150}",4,0.0,0.0,0.0,0.06099430178229465,0.0,0.0,0.0
PACHUCA PLAZA BELLA,T6C01007EG,xgboost,"{'max_depth': 10, 'n_estimators': 50}",4,0.0,0.0,0.0,0.005941324768303186,0.0,0.0,0.0
PACHUCA PLAZA BELLA,T6C01007GD,xgboost,"{'max_depth': 5, 'n_estimators': 100}",4,0.0,0.0,0.0,0.008213821001460826,0.0,0.0,0.0
PACHUCA PLAZA BELLA,T6C01007MD,xgboost,"{'max_depth': 10, 'n_estimators': 50}",4,0.0,0.0,0.0,0.07179442525724768,0.0,0.0,0.0
PALENQUE,T23C2139CH,xgboost,"{'max_depth': 3, 'n_estimators': 50}",4,0.0,0.0,0.3333333333333333,0.4343357113358613,0.3333333333333333,0.6666666666666666,0.6666666666666666
PALENQUE,T23C2139EG,prophet,"{'seasonality_mode': 'additive', 'changepoint_prior_scale': 0.1}",6,0.32655160678666656,0.3333333333333333,0.3333333333333333,0.32655160678666656,0.3333333333333333,0.6666666666666666,0.6666666666666666
PALENQUE,T23C2139GD,xgboost,"{'max_depth': 10, 'n_estimators': 50}",4,0.0,0.0,0.0,0.20107750524098775,0.0,1.0,1.0
PALENQUE,T23C2139MD,aditivo_modificado,{'num_weeks': 4},4,0.3333333333333333,0.6666666666666666,0.6666666666666666,0.34443651966739575,0.6666666666666666,0.3333333333333333,0.3333333333333333
PALENQUE,T29C1874MD,xgboost,"{'max_depth': 7, 'n_estimators': 150}",6,0.0,0.0,0.3333333333333333,0.6403009994425107,0.3333333333333333,0.6666666666666666,0.6666666666666666
PALENQUE,T30C1936CH,xgboost,"{'max_depth': 7, 'n_estimators': 50}",4,0.0,0.0,0.0,0.8381670293619502,0.0,0.0,0.0
PALENQUE,T30C1936MD,xgboost,"{'max_depth': 5, 'n_estimators': 150}",4,0.0,0.0,0.0,0.8081090932289473,0.0,0.0,0.0
PALENQUE,T6C01007CH,xgboost,"{'max_depth': 7, 'n_estimators': 100}",4,0.0,0.0,0.0,0.024842860563313904,0.0,0.0,0.0
PALENQUE,T6C01007GD,xgboost,"{'max_depth': 3, 'n_estimators': 50}",4,0.0,0.0,0.0,0.18067278172612802,0.0,0.0,0.0
PALENQUE,T6C01007MD,xgboost,"{'max_depth': 10, 'n_estimators': 50}",4,0.0,0.0,0.0,0.4103032442683121,0.0,0.0,0.0
PARAISO,T23C2139CH,xgboost,"{'max_depth': 7, 'n_estimators': 50}",4,0.0,0.0,0.0,0.04182862295927078,0.0,0.0,0.0
PARAISO,T23C2139EG,xgboost,"{'max_depth': 5, 'n_estimators': 150}",4,0.3333333333333333,0.3333333333333333,0.3333333333333333,0.33748170594439214,0.3333333333333333,0.6666666666666666,0.6666666666666666
PARAISO,T23C2139GD,prophet,"{'seasonality_mode': 'additive', 'changepoint_prior_scale': 0.01}",7,0.28218616785711714,0.3333333333333333,0.3333333333333333,0.28218616785711714,0.3333333333333333,0.6666666666666666,0.6666666666666666
PARAISO,T23C2139MD,xgboost,"{'max_depth': 5, 'n_estimators': 150}",4,0.0,0.0,0.0,0.049564940535647806,0.0,0.0,0.0
PARAISO,T29C1874MD,xgboost,"{'max_depth': 3, 'n_estimators': 50}",4,0.0,0.0,0.0,0.08873913024812995,0.0,0.0,0.0
PARAISO,T30C1936MD,xgboost,"{'max_depth': 5, 'n_estimators': 150}",4,0.0,0.0,0.0,0.31088780805766564,0.0,0.0,0.0
PARAISO,T6C01007CH,xgboost,"{'max_depth': 5, 'n_estimators': 150}",4,0.0,0.0,0.0,0.1366786581183258,0.0,0.0,0.0
PARAISO,T6C01007EG,xgboost,"{'max_depth': 5, 'n_estimators': 150}",4,0.0,0.0,0.0,0.11878525810615932,0.0,0.0,0.0
PARAISO,T6C01007GD,xgboost,"{'max_depth': 7, 'n_estimators': 150}",4,0.0,0.0,0.0,0.024414212321459072,0.0,0.0,0.0
PARAISO,T6C01007MD,xgboost,"{'max_depth': 7, 'n_estimators': 50}",4,0.0,0.0,0.0,0.1544404730143584,0.0,0.0,0.0
PINOTEPA,T23C2139CH,xgboost,"{'max_depth': 7, 'n_estimators': 50}",4,0.3333333333333333,0.3333333333333333,0.3333333333333333,0.347730250752645,0.3333333333333333,0.6666666666666666,0.6666666666666666
PINOTEPA,T23C2139GD,xgboost,"{'max_depth': 5, 'n_estimators': 150}",4,0.0,0.0,0.0,0.17241642150090183,0.0,0.0,0.0
PINOTEPA,T23C2139MD,xgboost,"{'max_depth': 7, 'n_estimators': 150}",4,0.3333333333333333,0.3333333333333333,0.3333333333333333,0.3373854180888622,0.3333333333333333,0.6666666666666666,0.6666666666666666
PINOTEPA,T29C1874MD,xgboost,"{'max_depth': 10, 'n_estimators': 100}",4,0.0,0.0,0.0,0.39352696574779955,0.0,0.0,1.0
PINOTEPA,T30C2308MD,xgboost,"{'max_depth': 3, 'n_estimators': 50}",4,0.0,0.0,0.0,0.4428937679261802,0.0,0.0,0.0
PINOTEPA,T6C01007CH,xgboost,"{'max_depth': 5, 'n_estimators': 150}",4,0.0,0.0,0.0,0.02394613447410412,0.0,0.0,0.0
PINOTEPA,T6C01007GD,xgboost,"{'max_depth': 7, 'n_estimators': 150}",4,0.0,0.0,0.0,0.07415538004910265,0.0,0.0,0.0
PINOTEPA,T6C01007MD,xgboost,"{'max_depth': 7, 'n_estimators': 150}",4,0.0,0.0,0.0,0.11529487206056348,0.0,0.0,0.0
PINOTEPA,TBAD3009CH,xgboost,"{'max_depth': 7, 'n_estimators': 50}",4,0.0,0.0,0.0,0.7944399784677137,1.0,0.0,0.0
PINOTEPA,TBAD3009MD,xgboost,"{'max_depth': 3, 'n_estimators': 50}",4,0.0,0.0,1.0,0.46924799991979055,1.0,0.0,0.0
PLAYA DEL CARMEN,T23C2139CH,xgboost,"{'max_depth': 10, 'n_estimators': 50}",4,0.0,0.0,0.0,0.058133488444970544,0.0,0.0,1.0
PLAYA DEL CARMEN,T23C2139GD,prophet,"{'seasonality_mode': 'multiplicative', 'changepoint_prior_scale': 0.1}",4,0.25470845536306086,0.3333333333333333,0.3333333333333333,0.25470845536306086,0.3333333333333333,0.6666666666666666,0.6666666666666666
PLAYA DEL CARMEN,T23C2139MD,xgboost,"{'max_depth': 5, 'n_estimators': 150}",4,0.0,0.0,0.0,0.0055922589252932475,0.0,0.0,0.0
PLAYA DEL CARMEN,T23P5C01CH,aditivo_modificado,{'num_weeks': 4},4,0.3333333333333333,0.6666666666666666,0.6666666666666666,0.6498838169268356,0.6666666666666666,0.3333333333333333,0.6666666666666666
PLAYA DEL CARMEN,T30C1936CH,xgboost,"{'max_depth': 3, 'n_estimators': 50}",4,0.0,0.0,0.0,0.18955462695446254,0.0,0.0,0.0
PLAYA DEL CARMEN,T30C1936MD,xgboost,"{'max_depth': 5, 'n_estimators': 100}",4,0.0,0.0,0.0,0.4143994044610137,1.0,0.0,0.0
PLAYA DEL CARMEN,T6C01007CH,xgboost,"{'max_depth': 7, 'n_estimators': 50}",4,0.0,0.0,0.0,0.01483604709540534,0.0,0.0,0.0
PLAYA DEL CARMEN,T6C01007EG,xgboost,"{'max_depth': 10, 'n_estimators': 150}",4,0.0,0.0,0.0,0.28490850642186377,0.0,0.0,0.0
PLAYA DEL CARMEN,T6C01007GD,xgboost,"{'max_depth': 10, 'n_estimators': 50}",4,0.0,0.0,0.0,0.010699835618747641,0.0,0.0,0.0
PLAYA DEL CARMEN,T6C01007MD,xgboost,"{'max_depth': 5, 'n_estimators': 50}",4,0.0,0.0,0.0,0.3745625190683477,0.0,0.0,0.0
PLAZA FIESTA IZCALLI,T23C2139CH,xgboost,"{'max_depth': 5, 'n_estimators': 150}",4,0.0,0.0,0.0,0.2056040872517915,0.0,0.0,0.0
PLAZA FIESTA IZCALLI,T23C2139EG,xgboost,"{'max_depth': 3, 'n_estimators': 150}",4,0.0,0.0,0.0,0.12648310943420027,0.0,0.0,0.0
PLAZA FIESTA IZCALLI,T23C2139GD,xgboost,"{'max_depth': 10, 'n_estimators': 150}",4,0.0,0.0,0.0,0.04171610999237361,0.0,0.0,0.0
PLAZA FIESTA IZCALLI,T23C2139MD,xgboost,"{'max_depth': 7, 'n_estimators': 50}",4,0.0,0.0,0.0,0.4338872804289105,0.0,0.0,0.0
PLAZA FIESTA IZCALLI,T29C1874EG,xgboost,"{'max_depth': 5, 'n_estimators': 150}",4,0.0,0.0,0.0,0.041329828965343096,0.0,0.0,0.0
PLAZA FIESTA IZCALLI,T29C1874GD,xgboost,"{'max_depth': 5, 'n_estimators': 50}",4,0.0,0.0,0.0,0.13881248026705076,0.0,0.0,1.0
PLAZA FIESTA IZCALLI,T29C1874MD,xgboost,"{'max_depth': 10, 'n_estimators': 150}",4,0.3333333333333333,0.3333333333333333,0.3333333333333333,0.34493760430082915,0.3333333333333333,0.6666666666666666,0.6666666666666666
PLAZA FIESTA IZCALLI,T6C01007CH,xgboost,"{'max_depth': 5, 'n_estimators': 150}",4,0.0,0.0,0.0,0.13416952010227826,0.0,0.0,0.0
PLAZA FIESTA IZCALLI,T6C01007GD,xgboost,"{'max_depth': 7, 'n_estimators': 150}",4,0.0,0.0,0.0,0.10732358677078468,0.0,0.0,0.0
PLAZA FIESTA IZCALLI,T6C01007MD,xgboost,"{'max_depth': 3, 'n_estimators': 50}",4,0.0,0.0,0.0,0.05982308043810391,0.0,0.0,0.0
PLAZA OAXACA,T23C2139CH,xgboost,"{'max_depth': 5, 'n_estimators': 50}",4,0.0,0.0,0.0,0.02257991014376351,0.0,0.0,0.0
PLAZA OAXACA,T23C2139EG,xgboost,"{'max_depth': 5, 'n_estimators': 50}",4,0.0,0.0,0.0,0.013746532057882394,0.0,0.0,0.0
PLAZA OAXACA,T23C2139GD,xgboost,"{'max_depth': 7, 'n_estimators': 150}",4,0.0,0.0,0.0,0.22007725247808765,0.0,0.0,0.0
PLAZA OAXACA,T23C2139MD,xgboost,"{'max_depth': 3, 'n_estimators': 50}",4,0.0,0.0,0.0,0.1475873568759065,0.0,0.0,1.0
PLAZA OAXACA,T29C1874MD,xgboost,"{'max_depth': 5, 'n_estimators': 100}",4,0.0,0.0,0.0,0.07520076525687702,0.0,0.0,0.0
PLAZA OAXACA,T6C01007CH,xgboost,"{'max_depth': 5, 'n_estimators': 150}",4,0.0,0.0,0.0,0.022286089719549027,0.0,0.0,0.0
PLAZA OAXACA,T6C01007EG,xgboost,"{'max_depth': 5, 'n_estimators': 100}",4,0.0,0.0,0.0,0.05754983994878196,0.0,0.0,0.0
PLAZA OAXACA,T6C01007GD,xgboost,"{'max_depth': 5, 'n_estimators': 50}",4,0.0,0.0,0.0,0.0019873626517772627,0.0,0.0,0.0
PLAZA OAXACA,T6C01007MD,xgboost,"{'max_depth': 3, 'n_estimators': 50}",4,0.0,0.0,0.0,0.0662703923452501,0.0,0.0,0.0
PLAZA OAXACA,TBAD3009MD,xgboost,"{'max_depth': 5, 'n_estimators': 150}",4,0.0,0.0,0.0,0.2073959466938539,1.0,0.0,0.0
PLAZA TULYEHUALCO,T23C2139CH,xgboost,"{'max_depth': 7, 'n_estimators': 100}",4,0.3333333333333333,0.3333333333333333,0.3333333333333333,0.34610018394805414,0.3333333333333333,0.6666666666666666,0.6666666666666666
PLAZA TULYEHUALCO,T23C2139EG,prophet,"{'seasonality_mode': 'multiplicative', 'changepoint_prior_scale': 1.0}",6,0.2831714843344357,0.3333333333333333,0.3333333333333333,0.2831714843344357,0.3333333333333333,0.6666666666666666,0.6666666666666666
PLAZA TULYEHUALCO,T23C2139GD,aditivo_modificado,{'num_weeks': 4},4,0.3333333333333333,0.6666666666666666,0.6666666666666666,0.38775787943564904,0.6666666666666666,0.3333333333333333,0.3333333333333333
PLAZA TULYEHUALCO,T23C2139MD,prophet,"{'seasonality_mode': 'additive', 'changepoint_prior_scale': 1.0}",5,0.9980964276797781,1.3333333333333333,1.0,0.9980964276797781,1.0,1.3333333333333333,1.3333333333333333
PLAZA TULYEHUALCO,T29C1874GD,xgboost,"{'max_depth': 3, 'n_estimators': 100}",4,0.0,0.0,0.0,0.02114379538592215,0.0,0.0,0.0
PLAZA TULYEHUALCO,T29C1874MD,xgboost,"{'max_depth': 5, 'n_estimators': 150}",4,0.0,0.0,0.0,0.3788959661411993,0.0,0.0,0.0
PLAZA TULYEHUALCO,T6C01007EG,xgboost,"{'max_depth': 10, 'n_estimators': 50}",4,0.0,0.0,0.0,0.01955048662691943,0.0,0.0,0.0
PLAZA TULYEHUALCO,T6C01007GD,xgboost,"{'max_depth': 3, 'n_estimators': 50}",4,0.0,0.0,0.0,0.07581344224199198,0.0,0.0,0.0
PLAZA TULYEHUALCO,T6C01007MD,xgboost,"{'max_depth': 10, 'n_estimators': 50}",4,0.0,0.0,0.0,0.12359760008909308,0.0,0.0,0.0
PLAZA TULYEHUALCO,TBAD3008MD,xgboost,"{'max_depth': 3, 'n_estimators': 50}",4,0.0,0.0,0.0,0.4587886040848084,1.0,0.0,0.0
POZA RICA,T23C2139CH,xgboost,"{'max_depth': 3, 'n_estimators': 50}",4,0.0,0.0,0.0,0.03936064401348494,0.0,0.0,0.0
POZA RICA,T23C2139GD,xgboost,"{'max_depth': 3, 'n_estimators': 50}",4,0.0,0.0,0.0,0.027742446330123016,0.0,0.0,0.0
POZA RICA,T23C2139MD,xgboost,"{'max_depth': 3, 'n_estimators': 50}",4,0.0,0.0,0.0,0.12706202107092637,0.0,0.0,0.0
POZA RICA,T6C01007CH,xgboost,"{'max_depth': 5, 'n_estimators': 150}",4,0.0,0.0,0.0,0.017751048858500273,0.0,0.0,0.0
POZA RICA,T6C01007EG,xgboost,"{'max_depth': 5, 'n_estimators': 150}",4,0.0,0.0,0.0,0.005372541153895258,0.0,0.0,0.0
POZA RICA,T6C01007GD,xgboost,"{'max_depth': 5, 'n_estimators': 150}",4,0.0,0.0,0.0,0.0022970742494954786,0.0,0.0,0.0
POZA RICA,T6C01007MD,xgboost,"{'max_depth': 3, 'n_estimators': 50}",4,0.0,0.0,0.0,0.0066512916608537686,0.0,0.0,0.0
POZA RICA,TBAD3009EG,xgboost,"{'max_depth': 10, 'n_estimators': 50}",4,0.0,0.0,0.0,0.7017739480913017,1.0,0.0,0.0
POZA RICA,TBAD3009GD,xgboost,"{'max_depth': 5, 'n_estimators': 150}",4,0.0,0.0,0.0,0.12379502052322766,1.0,0.0,0.0
POZA RICA,TBAD3009MD,aditivo_modificado,{'num_weeks': 4},4,0.0,1.0,1.0,0.11994737362674313,1.0,0.0,0.0
PUEBLA,T23C2139CH,poisson,"{'alpha': 1.0, 'max_iter': 250}",4,0.0,0.3333333333333333,0.3333333333333333,1.2472943868478832,0.0,1.0,1.0
PUEBLA,T23C2139EG,xgboost,"{'max_depth': 10, 'n_estimators': 50}",4,0.0,0.0,0.0,0.11627992932555957,0.0,0.0,1.0
PUEBLA,T23C2139GD,prophet,"{'seasonality_mode': 'additive', 'changepoint_prior_scale': 0.5}",7,0.2970755580742214,1.0,1.0,0.2970755580742214,1.0,0.6666666666666666,0.6666666666666666
PUEBLA,T23C2139MD,xgboost,"{'max_depth': 3, 'n_estimators': 50}",4,0.0,0.0,0.0,1.5761824931669484,0.6666666666666666,0.6666666666666666,0.6666666666666666
PUEBLA,T29C1874GD,xgboost,"{'max_depth': 10, 'n_estimators': 50}",4,0.3333333333333333,0.3333333333333333,0.3333333333333333,0.34940411553074263,0.3333333333333333,0.6666666666666666,0.6666666666666666
PUEBLA,T29C1874MD,xgboost,"{'max_depth': 10, 'n_estimators': 50}",4,1.3333333333333333,1.3333333333333333,1.6666666666666667,1.3352911266284082,1.6666666666666667,1.3333333333333333,1.6666666666666667
PUEBLA,T6C01007CH,xgboost,"{'max_depth': 7, 'n_estimators': 50}",4,0.0,0.0,0.0,0.006233328508789473,0.0,0.0,0.0
PUEBLA,T6C01007EG,xgboost,"{'max_depth': 5, 'n_estimators': 100}",4,0.0,0.0,0.0,0.1570808763618984,0.0,0.0,0.0
PUEBLA,T6C01007GD,xgboost,"{'max_depth': 3, 'n_estimators': 50}",4,0.0,0.0,0.0,0.04512529323177846,0.0,0.0,0.0
PUEBLA,T6C01007MD,xgboost,"{'max_depth': 3, 'n_estimators': 50}",4,0.0,0.0,0.0,0.4510192181924073,0.0,0.0,0.0
PUEBLA 5 MAYO,T23C2139CH,prophet,"{'seasonality_mode': 'additive', 'changepoint_prior_scale': 0.5}",6,0.3223804939241822,0.3333333333333333,0.3333333333333333,0.3223804939241822,0.3333333333333333,0.6666666666666666,0.6666666666666666
PUEBLA 5 MAYO,T23C2139EG,prophet,"{'seasonality_mode': 'additive', 'changepoint_prior_scale': 1.0}",7,0.3320581566758413,0.3333333333333333,0.3333333333333333,0.3320581566758413,0.3333333333333333,0.6666666666666666,0.6666666666666666
PUEBLA 5 MAYO,T23C2139GD,xgboost,"{'max_depth': 3, 'n_estimators': 50}",4,0.0,0.0,0.0,0.5234231394060443,0.0,0.0,1.0
PUEBLA 5 MAYO,T23C2139MD,xgboost,"{'max_depth': 3, 'n_estimators': 50}",4,0.3333333333333333,0.3333333333333333,0.3333333333333333,0.48638763651376987,0.3333333333333333,0.6666666666666666,0.6666666666666666
PUEBLA 5 MAYO,T23P5C01MD,poisson,"{'alpha': 10.0, 'max_iter': 250}",6,0.0,0.6666666666666666,0.6666666666666666,1.6179377231557837,0.0,1.0,1.0
PUEBLA 5 MAYO,T29C1874GD,xgboost,"{'max_depth': 5, 'n_estimators': 150}",4,0.0,0.0,0.0,0.221150928933011,0.0,0.0,0.0
PUEBLA 5 MAYO,T6C01007CH,xgboost,"{'max_depth': 7, 'n_estimators': 150}",4,0.0,0.0,0.0,0.1721205720212874,0.0,0.0,0.0
PUEBLA 5 MAYO,T6C01007EG,xgboost,"{'max_depth': 7, 'n_estimators': 50}",4,0.0,0.0,0.0,0.03158417045721276,0.0,0.0,0.0
PUEBLA 5 MAYO,T6C01007GD,xgboost,"{'max_depth': 10, 'n_estimators': 50}",4,0.0,0.0,0.0,0.3513801625413753,0.0,0.0,0.0
PUEBLA 5 MAYO,T6C01007MD,xgboost,"{'max_depth': 3, 'n_estimators': 50}",4,0.0,0.0,0.0,0.028537042968969237,0.0,0.0,0.0
PUEBLA CENTRO,T23C2139CH,xgboost,"{'max_depth': 7, 'n_estimators': 150}",4,0.0,0.0,0.0,0.19743640140469143,0.0,1.0,1.0
PUEBLA CENTRO,T23C2139GD,xgboost,"{'max_depth': 10, 'n_estimators': 50}",4,0.0,0.0,0.0,0.14287646958250846,0.0,0.0,0.0
PUEBLA CENTRO,T23C2139MD,xgboost,"{'max_depth': 10, 'n_estimators': 50}",4,0.3333333333333333,0.3333333333333333,0.3333333333333333,0.4356966930285883,0.3333333333333333,0.6666666666666666,0.6666666666666666
PUEBLA CENTRO,T29C1874EG,xgboost,"{'max_depth': 3, 'n_estimators': 150}",4,0.6666666666666666,0.6666666666666666,0.6666666666666666,0.7316979181358948,0.6666666666666666,1.0,1.0
PUEBLA CENTRO,T29C1874MD,aditivo_modificado,{'num_weeks': 4},4,0.0,1.0,1.0,0.8196034334959492,1.0,0.0,0.0
PUEBLA CENTRO,T30C2308MD,xgboost,"{'max_depth': 5, 'n_estimators': 50}",4,0.0,0.0,0.0,0.035885203194499504,0.0,0.0,0.0
PUEBLA CENTRO,T6C01007CH,xgboost,"{'max_depth': 7, 'n_estimators': 150}",4,0.0,0.0,0.0,0.01462617831820627,0.0,0.0,0.0
PUEBLA CENTRO,T6C01007EG,xgboost,"{'max_depth': 5, 'n_estimators': 150}",4,0.0,0.0,0.0,0.023887226375869045,0.0,0.0,0.0
PUEBLA CENTRO,T6C01007GD,xgboost,"{'max_depth': 10, 'n_estimators': 50}",4,0.0,0.0,0.0,0.1465652471700241,0.0,0.0,0.0
PUEBLA CENTRO,T6C01007MD,xgboost,"{'max_depth': 3, 'n_estimators': 50}",4,0.0,0.0,0.0,0.3526419760141896,0.0,0.0,0.0
ROSARIO,T23C2139CH,xgboost,"{'max_depth': 7, 'n_estimators': 150}",4,0.0,0.0,0.0,0.05786246422313907,0.0,0.0,0.0
ROSARIO,T23C2139EG,xgboost,"{'max_depth': 7, 'n_estimators': 100}",4,0.0,0.0,0.0,0.023786095444660805,0.0,0.0,0.0
ROSARIO,T23C2139GD,xgboost,"{'max_depth': 10, 'n_estimators': 50}",4,0.0,0.0,0.0,0.21667585777648882,0.0,0.0,1.0
ROSARIO,T23C2139MD,xgboost,"{'max_depth': 10, 'n_estimators': 100}",4,0.0,0.0,0.0,0.01579059623468956,0.0,0.0,0.0
ROSARIO,T23R1C10MD,xgboost,"{'max_depth': 3, 'n_estimators': 50}",4,0.3333333333333333,0.3333333333333333,0.3333333333333333,0.47081229946569086,0.3333333333333333,0.6666666666666666,0.6666666666666666
ROSARIO,T29C1874GD,xgboost,"{'max_depth': 5, 'n_estimators': 100}",4,0.0,0.0,0.0,0.03778078973180247,0.0,0.0,0.0
ROSARIO,T6C01007CH,xgboost,"{'max_depth': 7, 'n_estimators': 150}",4,0.0,0.0,0.0,0.16414638925962474,0.0,0.0,0.0
ROSARIO,T6C01007EG,xgboost,"{'max_depth': 10, 'n_estimators': 100}",4,0.0,0.0,0.0,0.1399102444493243,0.0,0.0,0.0
ROSARIO,T6C01007GD,xgboost,"{'max_depth': 3, 'n_estimators': 50}",4,0.0,0.0,0.0,0.15053973948110352,0.0,0.0,0.0
ROSARIO,T6C01007MD,xgboost,"{'max_depth': 7, 'n_estimators': 50}",4,0.0,0.0,0.0,0.09590908489523035,0.0,0.0,0.0
SAN ANDRES TUXTLA,T23C2139CH,xgboost,"{'max_depth': 5, 'n_estimators': 150}",4,0.3333333333333333,0.3333333333333333,0.3333333333333333,0.3373576947217723,0.3333333333333333,0.6666666666666666,0.6666666666666666
SAN ANDRES TUXTLA,T23C2139EG,xgboost,"{'max_depth': 3, 'n_estimators': 150}",4,0.0,0.0,0.0,0.13315619553358546,0.0,0.0,0.0
SAN ANDRES TUXTLA,T23C2139MD,xgboost,"{'max_depth': 5, 'n_estimators': 50}",4,0.3333333333333333,0.3333333333333333,0.3333333333333333,0.4013333458103821,0.3333333333333333,0.6666666666666666,0.6666666666666666
SAN ANDRES TUXTLA,T23P5C01MD,xgboost,"{'max_depth': 3, 'n_estimators': 150}",5,0.0,0.0,0.0,0.7176513569615803,1.0,0.6666666666666666,0.6666666666666666
SAN ANDRES TUXTLA,T29C1874GD,xgboost,"{'max_depth': 5, 'n_estimators': 100}",4,0.3333333333333333,0.3333333333333333,0.3333333333333333,0.39770033329321924,0.3333333333333333,0.6666666666666666,0.6666666666666666
SAN ANDRES TUXTLA,T29C1874MD,xgboost,"{'max_depth': 10, 'n_estimators': 50}",4,0.3333333333333333,0.3333333333333333,0.3333333333333333,0.37629723783603986,0.3333333333333333,0.6666666666666666,0.6666666666666666
SAN ANDRES TUXTLA,T30C1936MD,rf,"{'max_depth': 3, 'n_estimators': 50}",4,0.0,1.0,0.0,0.2244310754257437,0.0,0.0,0.0
SAN ANDRES TUXTLA,T6C01007CH,xgboost,"{'max_depth': 5, 'n_estimators': 50}",4,0.0,0.0,0.0,0.19845151603649058,0.0,0.0,0.0
SAN ANDRES TUXTLA,T6C01007GD,xgboost,"{'max_depth': 3, 'n_estimators': 50}",4,0.0,0.0,0.0,0.015794419479609426,0.0,0.0,0.0
SAN ANDRES TUXTLA,T6C01007MD,xgboost,"{'max_depth': 3, 'n_estimators': 50}",4,0.0,0.0,0.0,0.04361985720986536,0.0,0.0,0.0
SAN JUAN DEL RIO,T23C2139CH,xgboost,"{'max_depth': 5, 'n_estimators': 50}",4,0.0,0.0,0.0,0.02286603863062937,0.0,0.0,0.0
SAN JUAN DEL RIO,T23C2139EG,xgboost,"{'max_depth': 3, 'n_estimators': 150}",4,0.3333333333333333,0.3333333333333333,0.3333333333333333,0.4183356589158557,0.3333333333333333,0.6666666666666666,0.6666666666666666
SAN JUAN DEL RIO,T23C2139GD,aditivo_modificado,{'num_weeks': 4},4,0.3333333333333333,0.6666666666666666,0.6666666666666666,0.5331402026546881,0.6666666666666666,0.3333333333333333,0.3333333333333333
SAN JUAN DEL RIO,T23C2139MD,xgboost,"{'max_depth': 3, 'n_estimators': 50}",4,0.0,0.0,0.0,0.38938449126217356,0.0,0.0,0.0
SAN JUAN DEL RIO,T23P5C01MD,xgboost,"{'max_depth': 5, 'n_estimators': 50}",5,0.3333333333333333,0.3333333333333333,0.6666666666666666,0.9143107494204418,0.6666666666666666,1.0,1.0
SAN JUAN DEL RIO,T30C2308GD,xgboost,"{'max_depth': 7, 'n_estimators': 50}",4,0.0,0.0,0.0,0.04559237151105999,0.0,0.0,0.0
SAN JUAN DEL RIO,T6C01007CH,xgboost,"{'max_depth': 10, 'n_estimators': 150}",4,0.0,0.0,0.0,0.0015546948587702475,0.0,0.0,0.0
SAN JUAN DEL RIO,T6C01007EG,xgboost,"{'max_depth': 3, 'n_estimators': 50}",4,0.0,0.0,0.0,0.11853783589975282,0.0,0.0,0.0
SAN JUAN DEL RIO,T6C01007GD,xgboost,"{'max_depth': 7, 'n_estimators': 50}",4,0.0,0.0,0.0,0.03137231604819741,0.0,0.0,0.0
SAN JUAN DEL RIO,T6C01007MD,xgboost,"{'max_depth': 3, 'n_estimators': 50}",4,0.0,0.0,0.0,0.01314801812617289,0.0,0.0,0.0
SAN MARTIN TEXMELUCAN,T23C2139CH,xgboost,"{'max_depth': 3, 'n_estimators': 50}",4,0.0,0.0,0.0,0.051605772221016755,0.0,0.0,0.0
SAN MARTIN TEXMELUCAN,T23C2139EG,xgboost,"{'max_depth': 5, 'n_estimators': 150}",4,0.0,0.0,0.0,0.05347188847561473,0.0,0.0,0.0
SAN MARTIN TEXMELUCAN,T23C2139GD,aditivo_modificado,{'num_weeks': 5},4,1.0,1.3333333333333333,1.3333333333333333,1.0877157795575523,1.3333333333333333,1.0,1.0
SAN MARTIN TEXMELUCAN,T23C2139MD,xgboost,"{'max_depth': 3, 'n_estimators': 50}",4,0.3333333333333333,0.3333333333333333,0.3333333333333333,0.5659765093563759,0.3333333333333333,0.6666666666666666,0.6666666666666666
SAN MARTIN TEXMELUCAN,T23R1C10MD,aditivo_modificado,{'num_weeks': 4},4,0.3333333333333333,1.6666666666666667,1.6666666666666667,0.8740435901270222,1.6666666666666667,0.3333333333333333,0.3333333333333333
SAN MARTIN TEXMELUCAN,T29C1874MD,xgboost,"{'max_depth': 5, 'n_estimators': 150}",4,0.0,0.0,0.0,0.023647873862968034,0.0,0.0,0.0
SAN MARTIN TEXMELUCAN,T6C01007CH,xgboost,"{'max_depth': 7, 'n_estimators': 150}",4,0.0,0.0,0.0,0.013360660736631244,0.0,0.0,0.0
SAN MARTIN TEXMELUCAN,T6C01007EG,xgboost,"{'max_depth': 7, 'n_estimators': 150}",4,0.0,0.0,0.0,0.1402452434690046,0.0,0.0,0.0
SAN MARTIN TEXMELUCAN,T6C01007GD,xgboost,"{'max_depth': 5, 'n_estimators': 50}",4,0.0,0.0,0.0,0.01739057213081351,0.0,0.0,0.0
SAN MARTIN TEXMELUCAN,T6C01007MD,xgboost,"{'max_depth': 5, 'n_estimators': 150}",4,0.0,0.0,0.0,0.1335452622033311,0.0,0.0,0.0
TAPACHULA,T23C2139CH,xgboost,"{'max_depth': 3, 'n_estimators': 50}",4,0.0,0.0,0.0,0.6953466284231391,0.0,1.0,1.0
TAPACHULA,T23C2139GD,xgboost,"{'max_depth': 3, 'n_estimators': 50}",4,0.3333333333333333,0.3333333333333333,0.3333333333333333,0.3433235222098649,0.3333333333333333,0.6666666666666666,0.6666666666666666
TAPACHULA,T23C2139MD,xgboost,"{'max_depth': 10, 'n_estimators': 50}",4,0.3333333333333333,0.3333333333333333,0.3333333333333333,0.3881449374948153,0.3333333333333333,0.6666666666666666,0.6666666666666666
TAPACHULA,T29C1874MD,xgboost,"{'max_depth': 5, 'n_estimators': 100}",4,0.0,0.0,0.0,0.04690358633206974,0.0,0.0,0.0
TAPACHULA,T30C1936CH,xgboost,"{'max_depth': 3, 'n_estimators': 50}",4,0.0,0.0,0.0,0.18648966379195522,0.0,0.0,0.0
TAPACHULA,T30C1936MD,poisson,"{'alpha': 10.0, 'max_iter': 250}",4,0.0,1.0,1.0,0.053057781582302344,0.0,0.0,0.0
TAPACHULA,T6C01007CH,xgboost,"{'max_depth': 10, 'n_estimators': 50}",4,0.0,0.0,0.0,0.035326379639710644,0.0,0.0,0.0
TAPACHULA,T6C01007GD,xgboost,"{'max_depth': 7, 'n_estimators': 50}",4,0.0,0.0,0.0,0.04528746523517549,0.0,0.0,0.0
TAPACHULA,T6C01007MD,xgboost,"{'max_depth': 3, 'n_estimators': 50}",4,0.0,0.0,0.0,0.11933603842482043,0.0,0.0,0.0
TAPACHULA,TBAD3008MD,aditivo_modificado,{'num_weeks': 4},4,0.0,1.0,1.0,1.531879930831429,1.0,0.0,0.0
TECAMAC,T23C2139GD,xgboost,"{'max_depth': 10, 'n_estimators': 50}",4,0.0,0.0,0.0,0.0026988927031562377,0.0,0.0,0.0
TECAMAC,T23C2139MD,xgboost,"{'max_depth': 10, 'n_estimators': 50}",4,0.0,0.0,0.0,0.17543421204295626,0.0,1.0,1.0
TECAMAC,T6C01007EG,xgboost,"{'max_depth': 5, 'n_estimators': 50}",4,0.0,0.0,0.0,0.0374947630533576,0.0,0.0,0.0
TECAMAC,T6C01007GD,xgboost,"{'max_depth': 10, 'n_estimators': 50}",4,0.0,0.0,0.0,0.024939128373242647,0.0,0.0,0.0
TECAMAC,T6C01007MD,xgboost,"{'max_depth': 3, 'n_estimators': 50}",4,0.0,0.0,0.0,0.13761974293307175,0.0,0.0,0.0
TECAMAC,TBAD3008EG,xgboost,"{'max_depth': 3, 'n_estimators': 100}",4,0.0,0.0,0.0,1.0233854650868983,1.0,0.0,0.0
TECAMAC,TBAD3009CH,xgboost,"{'max_depth': 10, 'n_estimators': 50}",4,0.0,0.0,0.0,0.3137185308702577,1.0,0.0,0.0
TECAMAC,TBAD3009EG,xgboost,"{'max_depth': 7, 'n_estimators': 50}",4,0.0,0.0,1.0,0.5523740798861922,4.0,0.0,0.0
TECAMAC,TBAD3009GD,xgboost,"{'max_depth': 10, 'n_estimators': 50}",4,0.0,0.0,0.0,1.2107976609003688,1.0,0.0,0.0
TECAMAC,TBAD3009MD,xgboost,"{'max_depth': 3, 'n_estimators': 100}",4,0.0,0.0,1.0,0.2694148695607218,2.0,0.0,0.0
TEHUACAN,T23C2139CH,xgboost,"{'max_depth': 3, 'n_estimators': 50}",4,0.0,0.0,0.0,0.7181898624161035,0.0,0.0,0.0
TEHUACAN,T23C2139GD,aditivo_modificado,{'num_weeks': 7},4,0.6666666666666666,1.3333333333333333,1.3333333333333333,1.1448358574712871,1.3333333333333333,0.6666666666666666,1.0
TEHUACAN,T23C2139MD,rf,"{'max_depth': 3, 'n_estimators': 150}",4,0.0,0.3333333333333333,0.0,1.3930198338782336,0.0,1.0,1.0
TEHUACAN,T29C1874MD,poisson,"{'alpha': 10.0, 'max_iter': 250}",5,0.3333333333333333,1.0,0.6666666666666666,0.6375641902700827,0.3333333333333333,0.6666666666666666,0.6666666666666666
TEHUACAN,T6C01007GD,xgboost,"{'max_depth': 10, 'n_estimators': 50}",4,0.0,0.0,0.0,0.07588703527581932,0.0,0.0,0.0
TEHUACAN,T6C01007MD,xgboost,"{'max_depth': 5, 'n_estimators': 50}",4,0.0,0.0,0.0,0.0540554511734297,0.0,0.0,0.0
TEHUACAN,TBAD3008EG,aditivo_modificado,{'num_weeks': 4},4,0.0,2.0,4.0,1.3454944955202606,3.0,0.0,0.0
TEHUACAN,TBAD3008GD,xgboost,"{'max_depth': 10, 'n_estimators': 50}",4,0.0,0.0,3.0,2.973104154725507,2.0,0.0,0.0
TEHUACAN,TBAD3009GD,xgboost,"{'max_depth': 10, 'n_estimators': 50}",4,0.0,0.0,4.0,0.5559205060185662,4.0,0.0,0.0
TEHUACAN,TBAD3009MD,aditivo_modificado,{'num_weeks': 4},4,0.0,3.0,5.0,0.8309043244615363,6.0,0.0,0.0
TIJUANA CENTRO,T23C2139CH,xgboost,"{'max_depth': 7, 'n_estimators': 50}",4,0.0,0.0,0.0,0.010324264439717833,0.0,0.0,0.0
TIJUANA CENTRO,T23C2139EG,xgboost,"{'max_depth': 5, 'n_estimators': 50}",4,0.0,0.0,0.0,0.041798308397548174,0.0,0.0,0.0
TIJUANA CENTRO,T23C2139GD,xgboost,"{'max_depth': 10, 'n_estimators': 50}",4,0.0,0.0,0.0,0.042234867587866314,0.0,0.0,0.0
TIJUANA CENTRO,T23C2139MD,xgboost,"{'max_depth': 3, 'n_estimators': 50}",4,0.0,0.0,0.0,0.6258421617182747,0.0,0.0,1.0
TIJUANA CENTRO,T23P5C01MD,poisson,"{'alpha': 10.0, 'max_iter': 250}",4,0.3333333333333333,0.6666666666666666,0.6666666666666666,0.6114496952174915,0.3333333333333333,0.6666666666666666,0.6666666666666666
TIJUANA CENTRO,T30C1936CH,xgboost,"{'max_depth': 10, 'n_estimators': 50}",4,0.0,0.0,0.0,0.09425930870132038,0.0,0.0,0.0
TIJUANA CENTRO,T6C01007CH,xgboost,"{'max_depth': 5, 'n_estimators': 150}",4,0.0,0.0,0.0,0.005998587534992003,0.0,0.0,0.0
TIJUANA CENTRO,T6C01007EG,xgboost,"{'max_depth': 3, 'n_estimators': 50}",4,0.0,0.0,0.0,0.01320432434717865,0.0,0.0,0.0
TIJUANA CENTRO,T6C01007GD,xgboost,"{'max_depth': 10, 'n_estimators': 100}",4,0.0,0.0,0.0,0.012282303136200384,0.0,0.0,0.0
TIJUANA CENTRO,T6C01007MD,xgboost,"{'max_depth': 5, 'n_estimators': 50}",4,0.0,0.0,0.0,0.006101940638191833,0.0,0.0,0.0
TIJUANA PRICE,T23C2139CH,xgboost,"{'max_depth': 10, 'n_estimators': 50}",4,0.0,0.0,0.0,0.05270941846940607,0.0,0.0,0.0
TIJUANA PRICE,T23C2139EG,xgboost,"{'max_depth': 10, 'n_estimators': 150}",4,0.3333333333333333,0.3333333333333333,0.3333333333333333,0.335219816729257,0.3333333333333333,0.6666666666666666,0.6666666666666666
TIJUANA PRICE,T23C2139GD,xgboost,"{'max_depth': 5, 'n_estimators': 150}",4,0.0,0.0,0.0,0.30885209095878546,0.0,0.0,1.0
TIJUANA PRICE,T23C2139MD,xgboost,"{'max_depth': 10, 'n_estimators': 50}",4,0.0,0.0,0.0,0.4912300202501985,0.0,0.0,1.0
TIJUANA PRICE,T29C1874MD,xgboost,"{'max_depth': 5, 'n_estimators': 150}",4,0.0,0.0,0.0,0.13630788271409652,0.0,0.0,1.0
TIJUANA PRICE,T30C2308MD,xgboost,"{'max_depth': 3, 'n_estimators': 150}",4,0.0,0.0,0.0,0.09881820249680111,0.0,0.0,0.0
TIJUANA PRICE,T6C01007CH,xgboost,"{'max_depth': 10, 'n_estimators': 50}",4,0.0,0.0,0.0,0.009632291242322405,0.0,0.0,0.0
TIJUANA PRICE,T6C01007EG,xgboost,"{'max_depth': 7, 'n_estimators': 50}",4,0.0,0.0,0.0,0.050343126809966686,0.0,0.0,0.0
TIJUANA PRICE,T6C01007GD,xgboost,"{'max_depth': 10, 'n_estimators': 50}",4,0.0,0.0,0.0,0.06322493590045132,0.0,0.0,0.0
TIJUANA PRICE,T6C01007MD,xgboost,"{'max_depth': 10, 'n_estimators': 50}",4,0.0,0.0,0.0,0.007340850760000729,0.0,0.0,0.0
TIZAYUCA,T23C2139CH,xgboost,"{'max_depth': 5, 'n_estimators': 150}",4,0.0,0.0,0.0,0.16447852462943677,0.0,0.0,0.0
TIZAYUCA,T23C2139EG,xgboost,"{'max_depth': 5, 'n_estimators': 50}",4,0.0,0.0,0.0,0.08390360582267513,0.0,0.0,0.0
TIZAYUCA,T23C2139GD,xgboost,"{'max_depth': 3, 'n_estimators': 50}",4,0.0,0.0,0.0,0.3756793629825843,0.0,0.0,0.0
TIZAYUCA,T23C2139MD,xgboost,"{'max_depth': 3, 'n_estimators': 50}",4,0.3333333333333333,0.3333333333333333,0.3333333333333333,0.3936811417825569,0.3333333333333333,0.6666666666666666,0.6666666666666666
TIZAYUCA,T23P5C01MD,xgboost,"{'max_depth': 7, 'n_estimators': 50}",7,1.0,1.0,1.3333333333333333,1.6760030950335196,1.3333333333333333,2.0,2.0
TIZAYUCA,T30C2308MD,xgboost,"{'max_depth': 3, 'n_estimators': 150}",4,0.0,0.0,0.0,0.021453966169928174,0.0,0.0,0.0
TIZAYUCA,T6C01007EG,xgboost,"{'max_depth': 5, 'n_estimators': 100}",4,0.0,0.0,0.0,0.2537238684921999,0.0,0.0,0.0
TIZAYUCA,T6C01007GD,xgboost,"{'max_depth': 10, 'n_estimators': 100}",4,0.0,0.0,0.0,0.16544578315657205,0.0,0.0,0.0
TIZAYUCA,T6C01007MD,xgboost,"{'max_depth': 5, 'n_estimators': 150}",4,0.0,0.0,0.0,0.40399685220180476,0.0,0.0,0.0
TIZAYUCA,TBAD3008MD,xgboost,"{'max_depth': 10, 'n_estimators': 50}",4,0.0,0.0,0.0,0.48894315992645554,2.0,0.0,0.0
TLAHUAC,T23C2139CH,xgboost,"{'max_depth': 10, 'n_estimators': 100}",4,0.0,0.0,0.0,0.10193247957447317,0.0,0.0,0.0
TLAHUAC,T23C2139EG,prophet,"{'seasonality_mode': 'multiplicative', 'changepoint_prior_scale': 0.5}",7,0.20822457686240944,0.3333333333333333,0.3333333333333333,0.20822457686240944,0.3333333333333333,0.6666666666666666,0.6666666666666666
TLAHUAC,T23C2139GD,xgboost,"{'max_depth': 10, 'n_estimators': 50}",4,0.3333333333333333,0.3333333333333333,0.3333333333333333,0.35605442743596405,0.3333333333333333,0.6666666666666666,0.6666666666666666
TLAHUAC,T23C2139MD,xgboost,"{'max_depth': 5, 'n_estimators': 100}",4,0.0,0.0,0.0,0.47258983064510146,0.0,1.0,1.0
TLAHUAC,T23P5C01MD,xgboost,"{'max_depth': 3, 'n_estimators': 50}",4,0.6666666666666666,0.6666666666666666,0.6666666666666666,0.8577355937385601,0.6666666666666666,1.0,1.0
TLAHUAC,T29C1874MD,xgboost,"{'max_depth': 10, 'n_estimators': 50}",4,0.0,0.0,0.0,0.2891287240524578,0.0,0.0,1.0
TLAHUAC,T30C2308MD,xgboost,"{'max_depth': 3, 'n_estimators': 50}",4,0.0,0.0,0.0,0.028959518169174858,0.0,0.0,0.0
TLAHUAC,T6C01007EG,xgboost,"{'max_depth': 5, 'n_estimators': 100}",4,0.0,0.0,0.0,0.06294575948262861,0.0,0.0,0.0
TLAHUAC,T6C01007GD,xgboost,"{'max_depth': 3, 'n_estimators': 50}",4,0.0,0.0,0.0,0.04030082878192181,0.0,0.0,0.0
TLAHUAC,T6C01007MD,xgboost,"{'max_depth': 7, 'n_estimators': 150}",4,0.0,0.0,0.0,0.008635201211681655,0.0,0.0,0.0
TOLUCA,T23C2139CH,xgboost,"{'max_depth': 7, 'n_estimators': 100}",4,0.0,0.0,0.0,0.3175408670714997,0.0,0.0,0.0
TOLUCA,T23C2139EG,xgboost,"{'max_depth': 7, 'n_estimators': 100}",4,0.3333333333333333,0.3333333333333333,0.3333333333333333,0.3345111010140788,0.3333333333333333,0.6666666666666666,0.6666666666666666
TOLUCA,T23C2139GD,xgboost,"{'max_depth': 5, 'n_estimators': 50}",4,0.3333333333333333,0.3333333333333333,0.3333333333333333,0.5076453827205475,0.3333333333333333,0.6666666666666666,0.6666666666666666
TOLUCA,T23C2139MD,xgboost,"{'max_depth': 10, 'n_estimators': 50}",4,0.0,0.0,0.0,0.05183308110984408,0.0,0.0,0.0
TOLUCA,T23P5C01CH,aditivo_modificado,{'num_weeks': 4},4,0.3333333333333333,0.6666666666666666,0.6666666666666666,0.42142066666572914,0.6666666666666666,0.3333333333333333,0.3333333333333333
TOLUCA,T29C1874MD,poisson,"{'alpha': 10.0, 'max_iter': 250}",4,0.0,0.3333333333333333,0.3333333333333333,0.48265888012490854,0.0,1.0,1.0
TOLUCA,T6C01007CH,xgboost,"{'max_depth': 5, 'n_estimators': 50}",4,0.0,0.0,0.0,0.0779902659950489,0.0,0.0,0.0
TOLUCA,T6C01007EG,xgboost,"{'max_depth': 5, 'n_estimators': 150}",4,0.0,0.0,0.0,0.1773761038064845,0.0,0.0,0.0
TOLUCA,T6C01007GD,xgboost,"{'max_depth': 3, 'n_estimators': 100}",4,0.0,0.0,0.0,0.18496912310887983,0.0,0.0,0.0
TOLUCA,T6C01007MD,xgboost,"{'max_depth': 10, 'n_estimators': 50}",4,0.0,0.0,0.0,0.05418575232650299,0.0,0.0,0.0
TONALA,T23C2139CH,xgboost,"{'max_depth': 5, 'n_estimators': 150}",4,0.0,0.0,0.0,0.0956333701294778,0.0,1.0,1.0
TONALA,T23C2139EG,xgboost,"{'max_depth': 5, 'n_estimators': 150}",4,0.0,0.0,0.0,0.00029784004720373333,0.0,0.0,0.0
TONALA,T23C2139GD,aditivo_modificado,{'num_weeks': 4},4,0.3333333333333333,0.6666666666666666,0.6666666666666666,0.6087369905631107,0.6666666666666666,0.3333333333333333,0.3333333333333333
TONALA,T23C2139MD,xgboost,"{'max_depth': 7, 'n_estimators': 150}",4,0.0,0.0,0.0,0.24022084402013633,0.0,0.0,1.0
TONALA,T23P5C01MD,xgboost,"{'max_depth': 7, 'n_estimators': 100}",4,0.6666666666666666,0.6666666666666666,0.6666666666666666,0.7286339821903253,0.6666666666666666,1.0,1.0
TONALA,T29C1874GD,rf,"{'max_depth': 3, 'n_estimators': 100}",4,0.0,0.3333333333333333,0.0,0.4420988895952023,0.0,0.0,1.0
TONALA,T6C01007CH,xgboost,"{'max_depth': 7, 'n_estimators': 150}",4,0.0,0.0,0.0,0.010743061148305888,0.0,0.0,0.0
TONALA,T6C01007EG,xgboost,"{'max_depth': 3, 'n_estimators': 50}",4,0.0,0.0,0.0,0.044394327483073204,0.0,0.0,0.0
TONALA,T6C01007GD,xgboost,"{'max_depth': 3, 'n_estimators': 150}",4,0.0,0.0,0.0,0.01076736633643074,0.0,0.0,0.0
TONALA,T6C01007MD,xgboost,"{'max_depth': 7, 'n_estimators': 100}",4,0.0,0.0,0.0,0.02649849982028755,0.0,0.0,0.0
TULA CENTRO,T23C2139CH,xgboost,"{'max_depth': 3, 'n_estimators': 50}",4,0.0,0.0,0.0,0.06691091093786398,0.0,0.0,0.0
TULA CENTRO,T23C2139EG,xgboost,"{'max_depth': 3, 'n_estimators': 50}",4,0.0,0.0,0.0,0.23480224009268957,0.0,0.0,1.0
TULA CENTRO,T23C2139GD,xgboost,"{'max_depth': 3, 'n_estimators': 50}",4,0.6666666666666666,0.6666666666666666,0.6666666666666666,0.6915151829328258,0.6666666666666666,1.0,1.0
TULA CENTRO,T23C2139MD,xgboost,"{'max_depth': 7, 'n_estimators': 150}",4,0.3333333333333333,0.3333333333333333,0.3333333333333333,0.3850478747587935,0.3333333333333333,0.6666666666666666,0.6666666666666666
TULA CENTRO,T29C1874GD,xgboost,"{'max_depth': 5, 'n_estimators': 50}",4,0.0,0.0,0.0,0.1559171125538299,0.0,0.0,1.0
TULA CENTRO,T29C1874MD,xgboost,"{'max_depth': 3, 'n_estimators': 150}",4,0.0,0.0,0.0,0.33319467483990417,0.0,0.0,1.0
TULA CENTRO,T6C01007CH,xgboost,"{'max_depth': 5, 'n_estimators': 150}",4,0.0,0.0,0.0,0.007274264307596478,0.0,0.0,0.0
TULA CENTRO,T6C01007EG,xgboost,"{'max_depth': 5, 'n_estimators': 150}",4,0.0,0.0,0.0,0.19038888753234628,0.0,0.0,0.0
TULA CENTRO,T6C01007GD,xgboost,"{'max_depth': 7, 'n_estimators': 50}",4,0.0,0.0,0.0,0.018242034446173033,0.0,0.0,0.0
TULA CENTRO,T6C01007MD,xgboost,"{'max_depth': 7, 'n_estimators': 50}",4,0.0,0.0,0.0,0.13403615206318956,0.0,0.0,0.0
TULYEHUALCO,T23C2139CH,xgboost,"{'max_depth': 5, 'n_estimators': 100}",4,0.0,0.0,0.0,0.38706743900383,0.0,0.0,1.0
TULYEHUALCO,T23C2139EG,xgboost,"{'max_depth': 7, 'n_estimators': 150}",4,0.0,0.0,0.0,0.012384404026994816,0.0,0.0,0.0
TULYEHUALCO,T23C2139GD,xgboost,"{'max_depth': 5, 'n_estimators': 100}",4,0.3333333333333333,0.3333333333333333,0.3333333333333333,0.371198404574061,0.3333333333333333,0.6666666666666666,0.6666666666666666
TULYEHUALCO,T23C2139MD,prophet,"{'seasonality_mode': 'additive', 'changepoint_prior_scale': 0.5}",7,0.2703712643870703,1.0,0.6666666666666666,0.2703712643870703,0.6666666666666666,0.3333333333333333,0.3333333333333333
TULYEHUALCO,T23P5C01MD,xgboost,"{'max_depth': 7, 'n_estimators': 150}",4,0.3333333333333333,0.3333333333333333,0.3333333333333333,1.9052818348139369,1.0,1.0,2.0
TULYEHUALCO,T30C2308MD,xgboost,"{'max_depth': 5, 'n_estimators': 50}",4,0.0,0.0,0.0,0.11492509409028401,0.0,0.0,0.0
TULYEHUALCO,T6C01007CH,xgboost,"{'max_depth': 10, 'n_estimators': 50}",4,0.0,0.0,0.0,0.29177095051881724,0.0,0.0,0.0
TULYEHUALCO,T6C01007EG,xgboost,"{'max_depth': 5, 'n_estimators': 150}",4,0.0,0.0,0.0,0.5207725010798773,0.0,0.0,0.0
TULYEHUALCO,T6C01007GD,xgboost,"{'max_depth': 10, 'n_estimators': 50}",4,0.0,0.0,0.0,0.2979493649549613,0.0,0.0,0.0
TULYEHUALCO,T6C01007MD,xgboost,"{'max_depth': 10, 'n_estimators': 50}",4,0.0,0.0,0.0,0.20363560305290593,0.0,0.0,0.0
TUXTLA CENTRO,T23C2139CH,xgboost,"{'max_depth': 3, 'n_estimators': 50}",4,0.3333333333333333,0.3333333333333333,0.3333333333333333,0.44011398468003066,0.3333333333333333,0.6666666666666666,0.6666666666666666
TUXTLA CENTRO,T23C2139EG,xgboost,"{'max_depth': 5, 'n_estimators': 150}",4,0.3333333333333333,0.3333333333333333,0.3333333333333333,0.35685547166393955,0.3333333333333333,0.6666666666666666,0.6666666666666666
TUXTLA CENTRO,T23C2139GD,xgboost,"{'max_depth': 5, 'n_estimators': 150}",4,0.0,0.0,0.0,0.0756742975039021,0.0,0.0,0.0
TUXTLA CENTRO,T23C2139MD,xgboost,"{'max_depth': 10, 'n_estimators': 50}",4,0.0,0.0,0.0,0.8124203404930556,0.0,1.0,1.0
TUXTLA CENTRO,T23P5C01MD,xgboost,"{'max_depth': 7, 'n_estimators': 150}",4,0.3333333333333333,0.3333333333333333,0.3333333333333333,0.45182529535792687,0.3333333333333333,0.6666666666666666,0.6666666666666666
TUXTLA CENTRO,T29C1874MD,prophet,"{'seasonality_mode': 'additive', 'changepoint_prior_scale': 1.0}",7,0.3685526301265644,1.0,1.3333333333333333,0.3685526301265644,1.3333333333333333,0.6666666666666666,0.6666666666666666
TUXTLA CENTRO,T30C1936MD,xgboost,"{'max_depth': 3, 'n_estimators': 50}",4,0.0,0.0,0.0,0.29363636634515605,0.0,0.0,0.0
TUXTLA CENTRO,T6C01007CH,xgboost,"{'max_depth': 7, 'n_estimators': 100}",4,0.0,0.0,0.0,0.06979087836179101,0.0,0.0,0.0
TUXTLA CENTRO,T6C01007MD,xgboost,"{'max_depth': 5, 'n_estimators': 50}",4,0.0,0.0,0.0,0.04858932977897357,0.0,0.0,0.0
TUXTLA CENTRO,TBAD3009MD,xgboost,"{'max_depth': 3, 'n_estimators': 50}",4,0.0,0.0,0.0,0.8558897096981312,1.0,0.0,0.0
TUXTLA GTZ 3,T23C2139CH,xgboost,"{'max_depth': 3, 'n_estimators': 50}",4,0.0,0.0,0.0,0.07276144393366794,0.0,0.0,0.0
TUXTLA GTZ 3,T23C2139GD,prophet,"{'seasonality_mode': 'multiplicative', 'changepoint_prior_scale': 1.0}",7,0.31297840245550324,0.3333333333333333,0.3333333333333333,0.31297840245550324,0.3333333333333333,0.6666666666666666,0.6666666666666666
TUXTLA GTZ 3,T23C2139MD,xgboost,"{'max_depth': 5, 'n_estimators': 100}",4,0.0,0.0,0.0,0.05888301926893078,0.0,0.0,0.0
TUXTLA GTZ 3,T29C1874GD,xgboost,"{'max_depth': 5, 'n_estimators': 150}",4,0.0,0.0,0.0,0.10237283476594376,0.0,0.0,0.0
TUXTLA GTZ 3,T29C1874MD,xgboost,"{'max_depth': 10, 'n_estimators': 50}",4,0.0,0.0,0.0,0.21901475457604222,0.0,0.0,0.0
TUXTLA GTZ 3,T30C1936MD,xgboost,"{'max_depth': 7, 'n_estimators': 150}",4,0.0,0.0,0.0,0.3752220008451352,0.0,0.0,0.0
TUXTLA GTZ 3,T6C01007CH,xgboost,"{'max_depth': 7, 'n_estimators': 50}",4,0.0,0.0,0.0,0.01886149873698694,0.0,0.0,0.0
TUXTLA GTZ 3,T6C01007EG,xgboost,"{'max_depth': 10, 'n_estimators': 50}",4,0.0,0.0,0.0,0.014876166966625998,0.0,0.0,0.0
TUXTLA GTZ 3,T6C01007GD,xgboost,"{'max_depth': 3, 'n_estimators': 50}",4,0.0,0.0,0.0,0.008324016337901275,0.0,0.0,0.0
TUXTLA GTZ 3,T6C01007MD,xgboost,"{'max_depth': 3, 'n_estimators': 50}",4,0.0,0.0,0.0,0.666565765401674,0.0,0.0,0.0
VALLADOLID,T23C2139CH,xgboost,"{'max_depth': 10, 'n_estimators': 150}",4,0.3333333333333333,0.3333333333333333,0.3333333333333333,0.43891247494167107,0.3333333333333333,0.6666666666666666,0.6666666666666666
VALLADOLID,T23C2139GD,xgboost,"{'max_depth': 5, 'n_estimators': 100}",4,0.0,0.0,0.0,0.10107019246414582,0.0,0.0,0.0
VALLADOLID,T23C2139MD,xgboost,"{'max_depth': 7, 'n_estimators': 50}",4,0.0,0.0,0.0,0.34414746085867703,0.0,0.0,1.0
VALLADOLID,T23P5C01CH,xgboost,"{'max_depth': 5, 'n_estimators': 50}",4,0.3333333333333333,0.3333333333333333,0.3333333333333333,0.6043812290780539,0.3333333333333333,0.3333333333333333,0.3333333333333333
VALLADOLID,T29C1874MD,xgboost,"{'max_depth': 5, 'n_estimators': 100}",4,0.3333333333333333,0.3333333333333333,0.3333333333333333,0.4622813981286438,0.3333333333333333,0.6666666666666666,0.6666666666666666
VALLADOLID,T30C1936MD,aditivo_modificado,{'num_weeks': 4},4,0.0,1.0,1.0,0.09443343107182174,1.0,0.0,0.0
VALLADOLID,T6C01007CH,xgboost,"{'max_depth': 7, 'n_estimators': 50}",4,0.0,0.0,0.0,0.12492153514797127,0.0,0.0,0.0
VALLADOLID,T6C01007EG,xgboost,"{'max_depth': 3, 'n_estimators': 100}",4,0.0,0.0,0.0,0.3558178945792601,0.0,0.0,0.0
VALLADOLID,T6C01007GD,xgboost,"{'max_depth': 3, 'n_estimators': 50}",4,0.0,0.0,0.0,0.1792615708879031,0.0,0.0,0.0
VALLADOLID,T6C01007MD,xgboost,"{'max_depth': 5, 'n_estimators': 50}",4,0.0,0.0,0.0,0.3723789203426209,0.0,0.0,0.0
VALLEJO,T23C2139CH,xgboost,"{'max_depth': 5, 'n_estimators': 150}",4,0.0,0.0,0.0,0.055493242554529115,0.0,0.0,0.0
VALLEJO,T23C2139EG,xgboost,"{'max_depth': 10, 'n_estimators': 150}",4,0.0,0.0,0.0,0.39276094737581374,0.0,0.0,0.0
VALLEJO,T23C2139GD,xgboost,"{'max_depth': 3, 'n_estimators': 50}",4,0.0,0.0,0.0,0.07587122746285692,0.0,0.0,1.0
VALLEJO,T23C2139MD,xgboost,"{'max_depth': 3, 'n_estimators': 50}",4,0.0,0.0,0.0,0.03647958377647917,0.0,0.0,1.0
VALLEJO,T29C1874MD,aditivo_modificado,{'num_weeks': 4},4,0.6666666666666666,1.0,1.0,0.8274033240945077,1.0,0.6666666666666666,0.6666666666666666
VALLEJO,T6C01007EG,xgboost,"{'max_depth': 10, 'n_estimators': 50}",4,0.0,0.0,0.0,0.0042451509313163474,0.0,0.0,0.0
VALLEJO,T6C01007GD,xgboost,"{'max_depth': 10, 'n_estimators': 150}",4,0.0,0.0,0.0,0.16035408291245945,0.0,0.0,0.0
VALLEJO,T6C01007MD,xgboost,"{'max_depth': 3, 'n_estimators': 150}",4,0.0,0.0,0.0,0.19448608498323003,0.0,0.0,0.0
VALLEJO,TBAD3009EG,aditivo_modificado,{'num_weeks': 4},4,0.0,1.0,1.0,0.37477287495544154,2.0,0.0,0.0
VALLEJO,TBAD3009GD,aditivo_modificado,{'num_weeks': 4},4,0.0,2.0,2.0,0.37148288897588255,2.0,0.0,0.0
XILITLA,T23C2139CH,xgboost,"{'max_depth': 5, 'n_estimators': 150}",4,0.0,0.0,0.0,0.037523690929093745,0.0,0.0,1.0
XILITLA,T23C2139EG,xgboost,"{'max_depth': 5, 'n_estimators': 150}",4,0.0,0.0,0.0,0.00214685071587084,0.0,0.0,0.0
XILITLA,T23C2139GD,xgboost,"{'max_depth': 5, 'n_estimators': 100}",4,0.0,0.0,0.0,0.09374275721257745,0.0,0.0,0.0
XILITLA,T23C2139MD,xgboost,"{'max_depth': 3, 'n_estimators': 50}",4,0.0,0.0,0.0,0.005558419777468605,0.0,0.0,0.0
XILITLA,T23P5C01MD,poisson,"{'alpha': 1.0, 'max_iter': 250}",5,1.3333333333333333,1.6666666666666667,1.6666666666666667,1.4562869065590383,1.3333333333333333,1.6666666666666667,1.6666666666666667
XILITLA,T30C2308MD,xgboost,"{'max_depth': 5, 'n_estimators': 150}",4,0.0,0.0,0.0,0.027057958964679035,0.0,0.0,0.0
XILITLA,T6C01007CH,xgboost,"{'max_depth': 5, 'n_estimators': 150}",4,0.0,0.0,0.0,0.07995008992707359,0.0,0.0,0.0
XILITLA,T6C01007GD,xgboost,"{'max_depth': 5, 'n_estimators': 150}",4,0.0,0.0,0.0,0.007902654209034366,0.0,0.0,0.0
XILITLA,T6C01007MD,xgboost,"{'max_depth': 10, 'n_estimators': 50}",4,0.0,0.0,0.0,0.3835378487093552,0.0,0.0,0.0
XILITLA,TBAD3009MD,xgboost,"{'max_depth': 7, 'n_estimators': 150}",4,0.0,0.0,0.0,0.11290095683914532,1.0,0.0,0.0
XOCHIMILCO,T23C2139CH,xgboost,"{'max_depth': 7, 'n_estimators': 100}",4,0.3333333333333333,0.3333333333333333,0.3333333333333333,0.4453264914346224,0.3333333333333333,0.6666666666666666,0.6666666666666666
XOCHIMILCO,T23C2139EG,xgboost,"{'max_depth': 5, 'n_estimators': 150}",4,0.0,0.0,0.0,0.1934952011620534,0.0,1.0,1.0
XOCHIMILCO,T23C2139GD,aditivo_modificado,{'num_weeks': 4},4,0.3333333333333333,0.6666666666666666,0.6666666666666666,0.4173784436488622,0.6666666666666666,0.3333333333333333,0.3333333333333333
XOCHIMILCO,T23C2139MD,prophet,"{'seasonality_mode': 'additive', 'changepoint_prior_scale': 0.5}",6,0.3324046398548704,1.3333333333333333,1.0,0.3324046398548704,1.3333333333333333,0.3333333333333333,0.3333333333333333
XOCHIMILCO,T23P5C01MD,aditivo_modificado,{'num_weeks': 4},4,0.6666666666666666,1.0,1.0,0.8780794000110147,1.0,0.6666666666666666,0.6666666666666666
XOCHIMILCO,T29C1874GD,xgboost,"{'max_depth': 3, 'n_estimators': 50}",4,0.0,0.0,0.0,0.044860034326447217,0.0,0.0,0.0
XOCHIMILCO,T6C01007EG,xgboost,"{'max_depth': 7, 'n_estimators': 150}",4,0.0,0.0,0.0,0.24878096527886076,0.0,0.0,0.0
XOCHIMILCO,T6C01007GD,xgboost,"{'max_depth': 7, 'n_estimators': 150}",4,0.0,0.0,0.0,0.019393455295003723,0.0,0.0,0.0
XOCHIMILCO,T6C01007MD,xgboost,"{'max_depth': 10, 'n_estimators': 150}",4,0.0,0.0,0.0,0.28059874619930963,0.0,0.0,0.0
XOCHIMILCO,TBAD3008GD,aditivo_modificado,{'num_weeks': 4},4,0.0,1.0,1.0,0.29704239817443884,1.0,0.0,0.0
